"initial_alias","converted_alias","name","description","namespace"
"DONSON","ENSG00000159147","DONSON","DNA replication fork stabilization factor DONSON [Source:HGNC Symbol;Acc:HGNC:2993]","ENTREZGENE,GENECARDS,HGNC,UNIPROT_GN,WIKIGENE"
"HBE1","ENSG00000213931","HBE1","hemoglobin subunit epsilon 1 [Source:HGNC Symbol;Acc:HGNC:4830]","ENTREZGENE,GENECARDS,HGNC,UNIPROT_GN,WIKIGENE"
"HBZ","ENSG00000130656","HBZ","hemoglobin subunit zeta [Source:HGNC Symbol;Acc:HGNC:4835]","ENTREZGENE,GENECARDS,HGNC,UNIPROT_GN,WIKIGENE"
"ACVR2B","ENSG00000114739","ACVR2B","activin A receptor type 2B [Source:HGNC Symbol;Acc:HGNC:174]","ENTREZGENE,GENECARDS,HGNC,UNIPROT_GN,WIKIGENE"
"RPL6","ENSG00000089009","RPL6","ribosomal protein L6 [Source:HGNC Symbol;Acc:HGNC:10362]","ENTREZGENE,GENECARDS,HGNC,UNIPROT_GN,WIKIGENE"
"PRDM6","ENSG00000061455","PRDM6","PR/SET domain 6 [Source:HGNC Symbol;Acc:HGNC:9350]","ENTREZGENE,GENECARDS,HGNC,UNIPROT_GN,WIKIGENE"
"BDH1","ENSG00000161267","BDH1","3-hydroxybutyrate dehydrogenase 1 [Source:HGNC Symbol;Acc:HGNC:1027]","ENTREZGENE,GENECARDS,HGNC,UNIPROT_GN,WIKIGENE"
"RPS13","ENSG00000110700","RPS13","ribosomal protein S13 [Source:HGNC Symbol;Acc:HGNC:10386]","ENTREZGENE,GENECARDS,HGNC,UNIPROT_GN,WIKIGENE"
"LSP1","ENSG00000130592","LSP1","lymphocyte specific protein 1 [Source:HGNC Symbol;Acc:HGNC:6707]","ENTREZGENE,GENECARDS,HGNC,UNIPROT_GN,WIKIGENE"
"EEF1A1","ENSG00000156508","EEF1A1","eukaryotic translation elongation factor 1 alpha 1 [Source:HGNC Symbol;Acc:HGNC:3189]","ENTREZGENE,GENECARDS,HGNC,UNIPROT_GN,WIKIGENE"
"HLA-DRB1","ENSG00000196126","HLA-DRB1","major histocompatibility complex, class II, DR beta 1 [Source:HGNC Symbol;Acc:HGNC:4948]","ENTREZGENE,GENECARDS,HGNC,UNIPROT_GN,WIKIGENE"
"RPS7","ENSG00000171863","RPS7","ribosomal protein S7 [Source:HGNC Symbol;Acc:HGNC:10440]","ENTREZGENE,GENECARDS,HGNC,UNIPROT_GN,WIKIGENE"
"CD74","ENSG00000019582","CD74","CD74 molecule [Source:HGNC Symbol;Acc:HGNC:1697]","ENTREZGENE,GENECARDS,HGNC,UNIPROT_GN,WIKIGENE"
"RPS4Y1","ENSG00000129824","RPS4Y1","ribosomal protein S4 Y-linked 1 [Source:HGNC Symbol;Acc:HGNC:10425]","ENTREZGENE,GENECARDS,HGNC,UNIPROT_GN,WIKIGENE"
"HLA-DRA","ENSG00000204287","HLA-DRA","major histocompatibility complex, class II, DR alpha [Source:HGNC Symbol;Acc:HGNC:4947]","ENTREZGENE,GENECARDS,HGNC,UNIPROT_GN,WIKIGENE"
"EEF2","ENSG00000167658","EEF2","eukaryotic translation elongation factor 2 [Source:HGNC Symbol;Acc:HGNC:3214]","ENTREZGENE,GENECARDS,HGNC,UNIPROT_GN,WIKIGENE"
"LIMD2","ENSG00000136490","LIMD2","LIM domain containing 2 [Source:HGNC Symbol;Acc:HGNC:28142]","ENTREZGENE,GENECARDS,HGNC,UNIPROT_GN,WIKIGENE"
"GNB2L1","None","None","None",""
"RPL13","ENSG00000167526","RPL13","ribosomal protein L13 [Source:HGNC Symbol;Acc:HGNC:10303]","ENTREZGENE,GENECARDS,HGNC,UNIPROT_GN,WIKIGENE"
"RPL5","ENSG00000122406","RPL5","ribosomal protein L5 [Source:HGNC Symbol;Acc:HGNC:10360]","ENTREZGENE,GENECARDS,HGNC,UNIPROT_GN,WIKIGENE"
"PABPC1","ENSG00000070756","PABPC1","poly(A) binding protein cytoplasmic 1 [Source:HGNC Symbol;Acc:HGNC:8554]","ENTREZGENE,GENECARDS,HGNC,UNIPROT_GN,WIKIGENE"
"RPS8","ENSG00000142937","RPS8","ribosomal protein S8 [Source:HGNC Symbol;Acc:HGNC:10441]","ENTREZGENE,GENECARDS,HGNC,UNIPROT_GN,WIKIGENE"
"RPL9","ENSG00000163682","RPL9","ribosomal protein L9 [Source:HGNC Symbol;Acc:HGNC:10369]","ENTREZGENE,GENECARDS,HGNC,UNIPROT_GN,WIKIGENE"
"RPL35A","ENSG00000182899","RPL35A","ribosomal protein L35a [Source:HGNC Symbol;Acc:HGNC:10345]","ENTREZGENE,GENECARDS,HGNC,UNIPROT_GN,WIKIGENE"
"RPL26","ENSG00000161970","RPL26","ribosomal protein L26 [Source:HGNC Symbol;Acc:HGNC:10327]","ENTREZGENE,GENECARDS,HGNC,UNIPROT_GN,WIKIGENE"
"RPS6","ENSG00000137154","RPS6","ribosomal protein S6 [Source:HGNC Symbol;Acc:HGNC:10429]","ENTREZGENE,GENECARDS,HGNC,UNIPROT_GN,WIKIGENE"
"EIF3L","ENSG00000100129","EIF3L","eukaryotic translation initiation factor 3 subunit L [Source:HGNC Symbol;Acc:HGNC:18138]","ENTREZGENE,GENECARDS,HGNC,UNIPROT_GN,WIKIGENE"
"RPLP0","ENSG00000089157","RPLP0","ribosomal protein lateral stalk subunit P0 [Source:HGNC Symbol;Acc:HGNC:10371]","ENTREZGENE,GENECARDS,HGNC,UNIPROT_GN,WIKIGENE"
"RPL4","ENSG00000174444","RPL4","ribosomal protein L4 [Source:HGNC Symbol;Acc:HGNC:10353]","ENTREZGENE,GENECARDS,HGNC,UNIPROT_GN,WIKIGENE"
"RPL15","ENSG00000174748","RPL15","ribosomal protein L15 [Source:HGNC Symbol;Acc:HGNC:10306]","ENTREZGENE,GENECARDS,HGNC,UNIPROT_GN,WIKIGENE"
"NACA","ENSG00000196531","NACA","nascent polypeptide associated complex subunit alpha [Source:HGNC Symbol;Acc:HGNC:7629]","ENTREZGENE,GENECARDS,HGNC,UNIPROT_GN,WIKIGENE"
"RPL11","ENSG00000142676","RPL11","ribosomal protein L11 [Source:HGNC Symbol;Acc:HGNC:10301]","ENTREZGENE,GENECARDS,HGNC,UNIPROT_GN,WIKIGENE"
"RPL27","ENSG00000131469","RPL27","ribosomal protein L27 [Source:HGNC Symbol;Acc:HGNC:10328]","ENTREZGENE,GENECARDS,HGNC,UNIPROT_GN,WIKIGENE"
"CD52","ENSG00000169442","CD52","CD52 molecule [Source:HGNC Symbol;Acc:HGNC:1804]","ENTREZGENE,GENECARDS,HGNC,UNIPROT_GN,WIKIGENE"
"RPL23A","ENSG00000198242","RPL23A","ribosomal protein L23a [Source:HGNC Symbol;Acc:HGNC:10317]","ENTREZGENE,GENECARDS,HGNC,UNIPROT_GN,WIKIGENE"
"PRDX2","ENSG00000167815","PRDX2","peroxiredoxin 2 [Source:HGNC Symbol;Acc:HGNC:9353]","ENTREZGENE,GENECARDS,HGNC,UNIPROT_GN,WIKIGENE"
"SRGN","ENSG00000122862","SRGN","serglycin [Source:HGNC Symbol;Acc:HGNC:9361]","ENTREZGENE,GENECARDS,HGNC,UNIPROT_GN,WIKIGENE"
"VIM","ENSG00000026025","VIM","vimentin [Source:HGNC Symbol;Acc:HGNC:12692]","ENTREZGENE,GENECARDS,HGNC,UNIPROT_GN,WIKIGENE"
"PGAM1","ENSG00000171314","PGAM1","phosphoglycerate mutase 1 [Source:HGNC Symbol;Acc:HGNC:8888]","ENTREZGENE,GENECARDS,HGNC,UNIPROT_GN,WIKIGENE"
"ARHGDIB","ENSG00000111348","ARHGDIB","Rho GDP dissociation inhibitor beta [Source:HGNC Symbol;Acc:HGNC:679]","ENTREZGENE,GENECARDS,HGNC,UNIPROT_GN,WIKIGENE"
"B2M","ENSG00000166710","B2M","beta-2-microglobulin [Source:HGNC Symbol;Acc:HGNC:914]","ENTREZGENE,GENECARDS,HGNC,UNIPROT_GN,WIKIGENE"
"RPL34","ENSG00000109475","RPL34","ribosomal protein L34 [Source:HGNC Symbol;Acc:HGNC:10340]","ENTREZGENE,GENECARDS,HGNC,UNIPROT_GN,WIKIGENE"
"CXCR4","ENSG00000121966","CXCR4","C-X-C motif chemokine receptor 4 [Source:HGNC Symbol;Acc:HGNC:2561]","ENTREZGENE,GENECARDS,HGNC,UNIPROT_GN,WIKIGENE"
"TAL1","ENSG00000162367","TAL1","TAL bHLH transcription factor 1, erythroid differentiation factor [Source:HGNC Symbol;Acc:HGNC:11556]","ENTREZGENE,GENECARDS,HGNC,UNIPROT_GN,WIKIGENE"
"EIF3F","ENSG00000175390","EIF3F","eukaryotic translation initiation factor 3 subunit F [Source:HGNC Symbol;Acc:HGNC:3275]","ENTREZGENE,GENECARDS,HGNC,UNIPROT_GN,WIKIGENE"
"RPL32","ENSG00000144713","RPL32","ribosomal protein L32 [Source:HGNC Symbol;Acc:HGNC:10336]","ENTREZGENE,GENECARDS,HGNC,UNIPROT_GN,WIKIGENE"
"RPL31","ENSG00000071082","RPL31","ribosomal protein L31 [Source:HGNC Symbol;Acc:HGNC:10334]","ENTREZGENE,GENECARDS,HGNC,UNIPROT_GN,WIKIGENE"
"GYPC","ENSG00000136732","GYPC","glycophorin C (Gerbich blood group) [Source:HGNC Symbol;Acc:HGNC:4704]","ENTREZGENE,GENECARDS,HGNC,UNIPROT_GN,WIKIGENE"
"C10ORF54","None","None","None",""
"RNASE6","ENSG00000169413","RNASE6","ribonuclease A family member k6 [Source:HGNC Symbol;Acc:HGNC:10048]","ENTREZGENE,GENECARDS,HGNC,UNIPROT_GN,WIKIGENE"
"RPS15A","ENSG00000134419","RPS15A","ribosomal protein S15a [Source:HGNC Symbol;Acc:HGNC:10389]","ENTREZGENE,GENECARDS,HGNC,UNIPROT_GN,WIKIGENE"
"HBQ1","ENSG00000086506","HBQ1","hemoglobin subunit theta 1 [Source:HGNC Symbol;Acc:HGNC:4833]","ENTREZGENE,GENECARDS,HGNC,UNIPROT_GN,WIKIGENE"
"TKT","ENSG00000163931","TKT","transketolase [Source:HGNC Symbol;Acc:HGNC:11834]","ENTREZGENE,GENECARDS,HGNC,UNIPROT_GN,WIKIGENE"
"SLC4A1","ENSG00000004939","SLC4A1","solute carrier family 4 member 1 (Diego blood group) [Source:HGNC Symbol;Acc:HGNC:11027]","ENTREZGENE,GENECARDS,HGNC,UNIPROT_GN,WIKIGENE"
"HBG1","ENSG00000213934","HBG1","hemoglobin subunit gamma 1 [Source:HGNC Symbol;Acc:HGNC:4831]","ENTREZGENE,GENECARDS,HGNC,UNIPROT_GN,WIKIGENE"
"RPL30","ENSG00000156482","RPL30","ribosomal protein L30 [Source:HGNC Symbol;Acc:HGNC:10333]","ENTREZGENE,GENECARDS,HGNC,UNIPROT_GN,WIKIGENE"
"RPL17","ENSG00000265681","RPL17","ribosomal protein L17 [Source:HGNC Symbol;Acc:HGNC:10307]","ENTREZGENE,GENECARDS,HGNC,UNIPROT_GN,WIKIGENE"
"SLC25A6","ENSG00000169100","SLC25A6","solute carrier family 25 member 6 [Source:HGNC Symbol;Acc:HGNC:10992]","ENTREZGENE,GENECARDS,HGNC,UNIPROT_GN,WIKIGENE"
"CORO1A","ENSG00000102879","CORO1A","coronin 1A [Source:HGNC Symbol;Acc:HGNC:2252]","ENTREZGENE,GENECARDS,HGNC,UNIPROT_GN,WIKIGENE"
"RPL19","ENSG00000108298","RPL19","ribosomal protein L19 [Source:HGNC Symbol;Acc:HGNC:10312]","ENTREZGENE,GENECARDS,HGNC,UNIPROT_GN,WIKIGENE"
"HLA-DQB1","ENSG00000179344","HLA-DQB1","major histocompatibility complex, class II, DQ beta 1 [Source:HGNC Symbol;Acc:HGNC:4944]","ENTREZGENE,GENECARDS,HGNC,UNIPROT_GN,WIKIGENE"
"RPL29","ENSG00000162244","RPL29","ribosomal protein L29 [Source:HGNC Symbol;Acc:HGNC:10331]","ENTREZGENE,GENECARDS,HGNC,UNIPROT_GN,WIKIGENE"
"GLTSCR2","None","None","None",""
"RPS3A","ENSG00000145425","RPS3A","ribosomal protein S3A [Source:HGNC Symbol;Acc:HGNC:10421]","ENTREZGENE,GENECARDS,HGNC,UNIPROT_GN,WIKIGENE"
"GAPDH","ENSG00000111640","GAPDH","glyceraldehyde-3-phosphate dehydrogenase [Source:HGNC Symbol;Acc:HGNC:4141]","ENTREZGENE,GENECARDS,HGNC,UNIPROT_GN,WIKIGENE"
"ACTG1","ENSG00000184009","ACTG1","actin gamma 1 [Source:HGNC Symbol;Acc:HGNC:144]","ENTREZGENE,GENECARDS,HGNC,UNIPROT_GN,WIKIGENE"
"RPS19","ENSG00000105372","RPS19","ribosomal protein S19 [Source:HGNC Symbol;Acc:HGNC:10402]","ENTREZGENE,GENECARDS,HGNC,UNIPROT_GN,WIKIGENE"
"RPL13A","ENSG00000142541","RPL13A","ribosomal protein L13a [Source:HGNC Symbol;Acc:HGNC:10304]","ENTREZGENE,GENECARDS,HGNC,UNIPROT_GN,WIKIGENE"
"RPL22","ENSG00000116251","RPL22","ribosomal protein L22 [Source:HGNC Symbol;Acc:HGNC:10315]","ENTREZGENE,GENECARDS,HGNC,UNIPROT_GN,WIKIGENE"
"RPL18","ENSG00000063177","RPL18","ribosomal protein L18 [Source:HGNC Symbol;Acc:HGNC:10310]","ENTREZGENE,GENECARDS,HGNC,UNIPROT_GN,WIKIGENE"
"RPL3","ENSG00000100316","RPL3","ribosomal protein L3 [Source:HGNC Symbol;Acc:HGNC:10332]","ENTREZGENE,GENECARDS,HGNC,UNIPROT_GN,WIKIGENE"
"RPL12","ENSG00000197958","RPL12","ribosomal protein L12 [Source:HGNC Symbol;Acc:HGNC:10302]","ENTREZGENE,GENECARDS,HGNC,UNIPROT_GN,WIKIGENE"
"RPS27A","ENSG00000143947","RPS27A","ribosomal protein S27a [Source:HGNC Symbol;Acc:HGNC:10417]","ENTREZGENE,GENECARDS,HGNC,UNIPROT_GN,WIKIGENE"
"BLVRB","ENSG00000090013","BLVRB","biliverdin reductase B [Source:HGNC Symbol;Acc:HGNC:1063]","ENTREZGENE,GENECARDS,HGNC,UNIPROT_GN,WIKIGENE"
"RPL10","ENSG00000147403","RPL10","ribosomal protein L10 [Source:HGNC Symbol;Acc:HGNC:10298]","ENTREZGENE,GENECARDS,HGNC,UNIPROT_GN,WIKIGENE"
"RPL24","ENSG00000114391","RPL24","ribosomal protein L24 [Source:HGNC Symbol;Acc:HGNC:10325]","ENTREZGENE,GENECARDS,HGNC,UNIPROT_GN,WIKIGENE"
"GDI2","ENSG00000057608","GDI2","GDP dissociation inhibitor 2 [Source:HGNC Symbol;Acc:HGNC:4227]","ENTREZGENE,GENECARDS,HGNC,UNIPROT_GN,WIKIGENE"
"HLA-DPB1","ENSG00000223865","HLA-DPB1","major histocompatibility complex, class II, DP beta 1 [Source:HGNC Symbol;Acc:HGNC:4940]","ENTREZGENE,GENECARDS,HGNC,UNIPROT_GN,WIKIGENE"
"KLF1","ENSG00000105610","KLF1","KLF transcription factor 1 [Source:HGNC Symbol;Acc:HGNC:6345]","ENTREZGENE,GENECARDS,HGNC,UNIPROT_GN,WIKIGENE"
"RPS17","ENSG00000182774","RPS17","ribosomal protein S17 [Source:HGNC Symbol;Acc:HGNC:10397]","ENTREZGENE,GENECARDS,HGNC,UNIPROT_GN,WIKIGENE"
"TSPO","ENSG00000100300","TSPO","translocator protein [Source:HGNC Symbol;Acc:HGNC:1158]","ENTREZGENE,GENECARDS,HGNC,UNIPROT_GN,WIKIGENE"
"HNRNPA1","ENSG00000135486","HNRNPA1","heterogeneous nuclear ribonucleoprotein A1 [Source:HGNC Symbol;Acc:HGNC:5031]","ENTREZGENE,GENECARDS,HGNC,UNIPROT_GN,WIKIGENE"
"RPS9","ENSG00000170889","RPS9","ribosomal protein S9 [Source:HGNC Symbol;Acc:HGNC:10442]","ENTREZGENE,GENECARDS,HGNC,UNIPROT_GN,WIKIGENE"
"GYPB","ENSG00000250361","GYPB","glycophorin B (MNS blood group) [Source:HGNC Symbol;Acc:HGNC:4703]","ENTREZGENE,GENECARDS,HGNC,UNIPROT_GN,WIKIGENE"
"HLA-DMA","ENSG00000204257","HLA-DMA","major histocompatibility complex, class II, DM alpha [Source:HGNC Symbol;Acc:HGNC:4934]","ENTREZGENE,GENECARDS,HGNC,UNIPROT_GN,WIKIGENE"
"C1ORF162","ENSG00000143110","C1orf162","chromosome 1 open reading frame 162 [Source:HGNC Symbol;Acc:HGNC:28344]","ENTREZGENE,GENECARDS,HGNC,UNIPROT_GN,WIKIGENE"
"SLC25A3","ENSG00000075415","SLC25A3","solute carrier family 25 member 3 [Source:HGNC Symbol;Acc:HGNC:10989]","ENTREZGENE,GENECARDS,HGNC,UNIPROT_GN,WIKIGENE"
"GLRX","ENSG00000173221","GLRX","glutaredoxin [Source:HGNC Symbol;Acc:HGNC:4330]","ENTREZGENE,GENECARDS,HGNC,UNIPROT_GN,WIKIGENE"
"RAC2","ENSG00000128340","RAC2","Rac family small GTPase 2 [Source:HGNC Symbol;Acc:HGNC:9802]","ENTREZGENE,GENECARDS,HGNC,UNIPROT_GN,WIKIGENE"
"RPL7A","ENSG00000148303","RPL7A","ribosomal protein L7a [Source:HGNC Symbol;Acc:HGNC:10364]","ENTREZGENE,GENECARDS,HGNC,UNIPROT_GN,WIKIGENE"
"RPL14","ENSG00000188846","RPL14","ribosomal protein L14 [Source:HGNC Symbol;Acc:HGNC:10305]","ENTREZGENE,GENECARDS,HGNC,UNIPROT_GN,WIKIGENE"
"RPS24","ENSG00000138326","RPS24","ribosomal protein S24 [Source:HGNC Symbol;Acc:HGNC:10411]","ENTREZGENE,GENECARDS,HGNC,UNIPROT_GN,WIKIGENE"
"RPL8","ENSG00000161016","RPL8","ribosomal protein L8 [Source:HGNC Symbol;Acc:HGNC:10368]","ENTREZGENE,GENECARDS,HGNC,UNIPROT_GN,WIKIGENE"
"RPS16","ENSG00000105193","RPS16","ribosomal protein S16 [Source:HGNC Symbol;Acc:HGNC:10396]","ENTREZGENE,GENECARDS,HGNC,UNIPROT_GN,WIKIGENE"
"SLC2A1","ENSG00000117394","SLC2A1","solute carrier family 2 member 1 [Source:HGNC Symbol;Acc:HGNC:11005]","ENTREZGENE,GENECARDS,HGNC,UNIPROT_GN,WIKIGENE"
"RNF130","ENSG00000113269","RNF130","ring finger protein 130 [Source:HGNC Symbol;Acc:HGNC:18280]","ENTREZGENE,GENECARDS,HGNC,UNIPROT_GN,WIKIGENE"
"HLA-DPA1","ENSG00000231389","HLA-DPA1","major histocompatibility complex, class II, DP alpha 1 [Source:HGNC Symbol;Acc:HGNC:4938]","ENTREZGENE,GENECARDS,HGNC,UNIPROT_GN,WIKIGENE"
"HLA-C","ENSG00000204525","HLA-C","major histocompatibility complex, class I, C [Source:HGNC Symbol;Acc:HGNC:4933]","ENTREZGENE,GENECARDS,HGNC,UNIPROT_GN,WIKIGENE"
"SMIM5","ENSG00000204323","SMIM5","small integral membrane protein 5 [Source:HGNC Symbol;Acc:HGNC:40030]","ENTREZGENE,GENECARDS,HGNC,UNIPROT_GN,WIKIGENE"
"RPL18A","ENSG00000105640","RPL18A","ribosomal protein L18a [Source:HGNC Symbol;Acc:HGNC:10311]","ENTREZGENE,GENECARDS,HGNC,UNIPROT_GN,WIKIGENE"
"RPL7","ENSG00000147604","RPL7","ribosomal protein L7 [Source:HGNC Symbol;Acc:HGNC:10363]","ENTREZGENE,GENECARDS,HGNC,UNIPROT_GN,WIKIGENE"
"JAML","ENSG00000160593","JAML","junction adhesion molecule like [Source:HGNC Symbol;Acc:HGNC:19084]","ENTREZGENE,GENECARDS,HGNC,UNIPROT_GN,WIKIGENE"
"RPL28","ENSG00000108107","RPL28","ribosomal protein L28 [Source:HGNC Symbol;Acc:HGNC:10330]","ENTREZGENE,GENECARDS,HGNC,UNIPROT_GN,WIKIGENE"
"NUDT4","ENSG00000173598","NUDT4","nudix hydrolase 4 [Source:HGNC Symbol;Acc:HGNC:8051]","ENTREZGENE,GENECARDS,HGNC,UNIPROT_GN,WIKIGENE"
"SELENBP1","ENSG00000143416","SELENBP1","selenium binding protein 1 [Source:HGNC Symbol;Acc:HGNC:10719]","ENTREZGENE,GENECARDS,HGNC,UNIPROT_GN,WIKIGENE"
"RPL10A","ENSG00000198755","RPL10A","ribosomal protein L10a [Source:HGNC Symbol;Acc:HGNC:10299]","ENTREZGENE,GENECARDS,HGNC,UNIPROT_GN,WIKIGENE"
"DMTN","ENSG00000158856","DMTN","dematin actin binding protein [Source:HGNC Symbol;Acc:HGNC:3382]","ENTREZGENE,GENECARDS,HGNC,UNIPROT_GN,WIKIGENE"
"LXN","ENSG00000079257","LXN","latexin [Source:HGNC Symbol;Acc:HGNC:13347]","ENTREZGENE,GENECARDS,HGNC,UNIPROT_GN,WIKIGENE"
"MT1H","ENSG00000205358","MT1H","metallothionein 1H [Source:HGNC Symbol;Acc:HGNC:7400]","ENTREZGENE,GENECARDS,HGNC,UNIPROT_GN,WIKIGENE"
"ALAS2","ENSG00000158578","ALAS2","5'-aminolevulinate synthase 2 [Source:HGNC Symbol;Acc:HGNC:397]","ENTREZGENE,GENECARDS,HGNC,UNIPROT_GN,WIKIGENE"
"NCF1","ENSG00000158517","NCF1","neutrophil cytosolic factor 1 [Source:HGNC Symbol;Acc:HGNC:7660]","ENTREZGENE,GENECARDS,HGNC,UNIPROT_GN,WIKIGENE"
"RPLP2","ENSG00000177600","RPLP2","ribosomal protein lateral stalk subunit P2 [Source:HGNC Symbol;Acc:HGNC:10377]","ENTREZGENE,GENECARDS,HGNC,UNIPROT_GN,WIKIGENE"
"RPSA","ENSG00000168028","RPSA","ribosomal protein SA [Source:HGNC Symbol;Acc:HGNC:6502]","ENTREZGENE,GENECARDS,HGNC,UNIPROT_GN,WIKIGENE"
"GYPA","ENSG00000170180","GYPA","glycophorin A (MNS blood group) [Source:HGNC Symbol;Acc:HGNC:4702]","ENTREZGENE,GENECARDS,HGNC,UNIPROT_GN,WIKIGENE"
"CD1D","ENSG00000158473","CD1D","CD1d molecule [Source:HGNC Symbol;Acc:HGNC:1637]","ENTREZGENE,GENECARDS,HGNC,UNIPROT_GN,WIKIGENE"
"EEF1B2","ENSG00000114942","EEF1B2","eukaryotic translation elongation factor 1 beta 2 [Source:HGNC Symbol;Acc:HGNC:3208]","ENTREZGENE,GENECARDS,HGNC,UNIPROT_GN,WIKIGENE"
"MT1E","ENSG00000169715","MT1E","metallothionein 1E [Source:HGNC Symbol;Acc:HGNC:7397]","ENTREZGENE,GENECARDS,HGNC,UNIPROT_GN,WIKIGENE"
"C19ORF38","ENSG00000214212","C19orf38","chromosome 19 open reading frame 38 [Source:HGNC Symbol;Acc:HGNC:34073]","ENTREZGENE,GENECARDS,HGNC,WIKIGENE"
"CFP","ENSG00000126759","CFP","complement factor properdin [Source:HGNC Symbol;Acc:HGNC:8864]","ENTREZGENE,GENECARDS,HGNC,UNIPROT_GN,WIKIGENE"
"EIF3E","ENSG00000104408","EIF3E","eukaryotic translation initiation factor 3 subunit E [Source:HGNC Symbol;Acc:HGNC:3277]","ENTREZGENE,GENECARDS,HGNC,UNIPROT_GN,WIKIGENE"
"RPS20","ENSG00000008988","RPS20","ribosomal protein S20 [Source:HGNC Symbol;Acc:HGNC:10405]","ENTREZGENE,GENECARDS,HGNC,UNIPROT_GN,WIKIGENE"
"RCSD1","ENSG00000198771","RCSD1","RCSD domain containing 1 [Source:HGNC Symbol;Acc:HGNC:28310]","ENTREZGENE,GENECARDS,HGNC,UNIPROT_GN,WIKIGENE"
"RPS15","ENSG00000115268","RPS15","ribosomal protein S15 [Source:HGNC Symbol;Acc:HGNC:10388]","ENTREZGENE,GENECARDS,HGNC,UNIPROT_GN,WIKIGENE"
"RNH1","ENSG00000023191","RNH1","ribonuclease/angiogenin inhibitor 1 [Source:HGNC Symbol;Acc:HGNC:10074]","ENTREZGENE,GENECARDS,HGNC,UNIPROT_GN,WIKIGENE"
"CD48","ENSG00000117091","CD48","CD48 molecule [Source:HGNC Symbol;Acc:HGNC:1683]","ENTREZGENE,GENECARDS,HGNC,UNIPROT_GN,WIKIGENE"
"ATP5L","None","None","None",""
"RPS26","ENSG00000197728","RPS26","ribosomal protein S26 [Source:HGNC Symbol;Acc:HGNC:10414]","ENTREZGENE,GENECARDS,HGNC,UNIPROT_GN,WIKIGENE"
"EPB42","ENSG00000166947","EPB42","erythrocyte membrane protein band 4.2 [Source:HGNC Symbol;Acc:HGNC:3381]","ENTREZGENE,GENECARDS,HGNC,UNIPROT_GN,WIKIGENE"
"PPDPF","ENSG00000125534","PPDPF","pancreatic progenitor cell differentiation and proliferation factor [Source:HGNC Symbol;Acc:HGNC:16142]","ENTREZGENE,GENECARDS,HGNC,UNIPROT_GN,WIKIGENE"
"TPI1","ENSG00000111669","TPI1","triosephosphate isomerase 1 [Source:HGNC Symbol;Acc:HGNC:12009]","ENTREZGENE,GENECARDS,HGNC,UNIPROT_GN,WIKIGENE"
"HBA1","ENSG00000188536","HBA2","hemoglobin subunit alpha 2 [Source:HGNC Symbol;Acc:HGNC:4824]","ENTREZGENE,GENECARDS,HGNC,UNIPROT_GN,WIKIGENE"
"HBA1","ENSG00000206172","HBA1","hemoglobin subunit alpha 1 [Source:HGNC Symbol;Acc:HGNC:4823]","ENTREZGENE,GENECARDS,HGNC,UNIPROT_GN,WIKIGENE"
"PLAC8","ENSG00000145287","PLAC8","placenta associated 8 [Source:HGNC Symbol;Acc:HGNC:19254]","ENTREZGENE,GENECARDS,HGNC,UNIPROT_GN,WIKIGENE"
"H3F3A","ENSG00000132475","H3-3B","H3.3 histone B [Source:HGNC Symbol;Acc:HGNC:4765]","UNIPROT_GN"
"H3F3A","ENSG00000163041","H3-3A","H3.3 histone A [Source:HGNC Symbol;Acc:HGNC:4764]","UNIPROT_GN"
"RPS14","ENSG00000164587","RPS14","ribosomal protein S14 [Source:HGNC Symbol;Acc:HGNC:10387]","ENTREZGENE,GENECARDS,HGNC,UNIPROT_GN,WIKIGENE"
"COMMD6","ENSG00000188243","COMMD6","COMM domain containing 6 [Source:HGNC Symbol;Acc:HGNC:24015]","ENTREZGENE,GENECARDS,HGNC,UNIPROT_GN,WIKIGENE"
"ICAM3","ENSG00000076662","ICAM3","intercellular adhesion molecule 3 [Source:HGNC Symbol;Acc:HGNC:5346]","ENTREZGENE,GENECARDS,HGNC,UNIPROT_GN,WIKIGENE"
"LST1","ENSG00000204482","LST1","leukocyte specific transcript 1 [Source:HGNC Symbol;Acc:HGNC:14189]","ENTREZGENE,GENECARDS,HGNC,UNIPROT_GN,WIKIGENE"
"HLA-E","ENSG00000204592","HLA-E","major histocompatibility complex, class I, E [Source:HGNC Symbol;Acc:HGNC:4962]","ENTREZGENE,GENECARDS,HGNC,UNIPROT_GN,WIKIGENE"
"HBM","ENSG00000206177","HBM","hemoglobin subunit mu [Source:HGNC Symbol;Acc:HGNC:4826]","ENTREZGENE,GENECARDS,HGNC,UNIPROT_GN,WIKIGENE"
"OXA1L","ENSG00000155463","OXA1L","OXA1L mitochondrial inner membrane protein [Source:HGNC Symbol;Acc:HGNC:8526]","ENTREZGENE,GENECARDS,HGNC,UNIPROT_GN,WIKIGENE"
"RPS3","ENSG00000149273","RPS3","ribosomal protein S3 [Source:HGNC Symbol;Acc:HGNC:10420]","ENTREZGENE,GENECARDS,HGNC,UNIPROT_GN,WIKIGENE"
"FAM46C","None","None","None",""
"HLA-DMB","ENSG00000242574","HLA-DMB","major histocompatibility complex, class II, DM beta [Source:HGNC Symbol;Acc:HGNC:4935]","ENTREZGENE,GENECARDS,HGNC,UNIPROT_GN,WIKIGENE"
"MT1F","ENSG00000198417","MT1F","metallothionein 1F [Source:HGNC Symbol;Acc:HGNC:7398]","ENTREZGENE,GENECARDS,HGNC,UNIPROT_GN,WIKIGENE"
"ANK1","ENSG00000029534","ANK1","ankyrin 1 [Source:HGNC Symbol;Acc:HGNC:492]","ENTREZGENE,GENECARDS,HGNC,UNIPROT_GN,WIKIGENE"
"CYBA","ENSG00000051523","CYBA","cytochrome b-245 alpha chain [Source:HGNC Symbol;Acc:HGNC:2577]","ENTREZGENE,GENECARDS,HGNC,UNIPROT_GN,WIKIGENE"
"SLC39A8","ENSG00000138821","SLC39A8","solute carrier family 39 member 8 [Source:HGNC Symbol;Acc:HGNC:20862]","ENTREZGENE,GENECARDS,HGNC,UNIPROT_GN,WIKIGENE"
"LGALS1","ENSG00000100097","LGALS1","galectin 1 [Source:HGNC Symbol;Acc:HGNC:6561]","ENTREZGENE,GENECARDS,HGNC,UNIPROT_GN,WIKIGENE"
"SPTA1","ENSG00000163554","SPTA1","spectrin alpha, erythrocytic 1 [Source:HGNC Symbol;Acc:HGNC:11272]","ENTREZGENE,GENECARDS,HGNC,UNIPROT_GN,WIKIGENE"
"RGS19","ENSG00000171700","RGS19","regulator of G protein signaling 19 [Source:HGNC Symbol;Acc:HGNC:13735]","ENTREZGENE,GENECARDS,HGNC,UNIPROT_GN,WIKIGENE"
"FXYD5","ENSG00000089327","FXYD5","FXYD domain containing ion transport regulator 5 [Source:HGNC Symbol;Acc:HGNC:4029]","ENTREZGENE,GENECARDS,HGNC,UNIPROT_GN,WIKIGENE"
"FGL2","ENSG00000127951","FGL2","fibrinogen like 2 [Source:HGNC Symbol;Acc:HGNC:3696]","ENTREZGENE,GENECARDS,HGNC,UNIPROT_GN,WIKIGENE"
"HEMGN","ENSG00000136929","HEMGN","hemogen [Source:HGNC Symbol;Acc:HGNC:17509]","ENTREZGENE,GENECARDS,HGNC,UNIPROT_GN,WIKIGENE"
"RPS27","ENSG00000177954","RPS27","ribosomal protein S27 [Source:HGNC Symbol;Acc:HGNC:10416]","ENTREZGENE,GENECARDS,HGNC,UNIPROT_GN,WIKIGENE"
"PTMS","ENSG00000159335","PTMS","parathymosin [Source:HGNC Symbol;Acc:HGNC:9629]","ENTREZGENE,GENECARDS,HGNC,UNIPROT_GN,WIKIGENE"
"FGR","ENSG00000000938","FGR","FGR proto-oncogene, Src family tyrosine kinase [Source:HGNC Symbol;Acc:HGNC:3697]","ENTREZGENE,GENECARDS,HGNC,UNIPROT_GN,WIKIGENE"
"ATP5G3","None","None","None",""
"ENO1","ENSG00000074800","ENO1","enolase 1 [Source:HGNC Symbol;Acc:HGNC:3350]","ENTREZGENE,GENECARDS,HGNC,UNIPROT_GN,WIKIGENE"
"PLEK2","ENSG00000100558","PLEK2","pleckstrin 2 [Source:HGNC Symbol;Acc:HGNC:19238]","ENTREZGENE,GENECARDS,HGNC,UNIPROT_GN,WIKIGENE"
"RPLP1","ENSG00000137818","RPLP1","ribosomal protein lateral stalk subunit P1 [Source:HGNC Symbol;Acc:HGNC:10372]","ENTREZGENE,GENECARDS,HGNC,UNIPROT_GN,WIKIGENE"
"RPS18","ENSG00000231500","RPS18","ribosomal protein S18 [Source:HGNC Symbol;Acc:HGNC:10401]","ENTREZGENE,GENECARDS,HGNC,UNIPROT_GN,WIKIGENE"
"COMT","ENSG00000093010","COMT","catechol-O-methyltransferase [Source:HGNC Symbol;Acc:HGNC:2228]","ENTREZGENE,GENECARDS,HGNC,UNIPROT_GN,WIKIGENE"
"CD37","ENSG00000104894","CD37","CD37 molecule [Source:HGNC Symbol;Acc:HGNC:1666]","ENTREZGENE,GENECARDS,HGNC,UNIPROT_GN,WIKIGENE"
"RPS5","ENSG00000083845","RPS5","ribosomal protein S5 [Source:HGNC Symbol;Acc:HGNC:10426]","ENTREZGENE,GENECARDS,HGNC,UNIPROT_GN,WIKIGENE"
"STK17B","ENSG00000081320","STK17B","serine/threonine kinase 17b [Source:HGNC Symbol;Acc:HGNC:11396]","ENTREZGENE,GENECARDS,HGNC,UNIPROT_GN,WIKIGENE"
"MFSD10","ENSG00000109736","MFSD10","major facilitator superfamily domain containing 10 [Source:HGNC Symbol;Acc:HGNC:16894]","ENTREZGENE,GENECARDS,HGNC,UNIPROT_GN,WIKIGENE"
"TMOD1","ENSG00000136842","TMOD1","tropomodulin 1 [Source:HGNC Symbol;Acc:HGNC:11871]","ENTREZGENE,GENECARDS,HGNC,UNIPROT_GN,WIKIGENE"
"MT1G","ENSG00000125144","MT1G","metallothionein 1G [Source:HGNC Symbol;Acc:HGNC:7399]","ENTREZGENE,GENECARDS,HGNC,UNIPROT_GN,WIKIGENE"
"PPP1R14C","ENSG00000198729","PPP1R14C","protein phosphatase 1 regulatory inhibitor subunit 14C [Source:HGNC Symbol;Acc:HGNC:14952]","ENTREZGENE,GENECARDS,HGNC,UNIPROT_GN,WIKIGENE"
"SMIM1","ENSG00000235169","SMIM1","small integral membrane protein 1 (Vel blood group) [Source:HGNC Symbol;Acc:HGNC:44204]","ENTREZGENE,GENECARDS,HGNC,UNIPROT_GN,WIKIGENE"
"ALDOA","ENSG00000149925","ALDOA","aldolase, fructose-bisphosphate A [Source:HGNC Symbol;Acc:HGNC:414]","ENTREZGENE,GENECARDS,HGNC,UNIPROT_GN,WIKIGENE"
"HBA2","ENSG00000188536","HBA2","hemoglobin subunit alpha 2 [Source:HGNC Symbol;Acc:HGNC:4824]","ENTREZGENE,GENECARDS,HGNC,UNIPROT_GN,WIKIGENE"
"HBA2","ENSG00000206172","HBA1","hemoglobin subunit alpha 1 [Source:HGNC Symbol;Acc:HGNC:4823]","ENTREZGENE,GENECARDS,HGNC,UNIPROT_GN,WIKIGENE"
"HLA-B","ENSG00000234745","HLA-B","major histocompatibility complex, class I, B [Source:HGNC Symbol;Acc:HGNC:4932]","ENTREZGENE,GENECARDS,HGNC,UNIPROT_GN,WIKIGENE"
"RPL37","ENSG00000145592","RPL37","ribosomal protein L37 [Source:HGNC Symbol;Acc:HGNC:10347]","ENTREZGENE,GENECARDS,HGNC,UNIPROT_GN,WIKIGENE"
"MT-CO1","ENSG00000198804","MT-CO1","mitochondrially encoded cytochrome c oxidase I [Source:HGNC Symbol;Acc:HGNC:7419]","GENECARDS,HGNC,UNIPROT_GN"
"HNRNPA1L2","ENSG00000139675","HNRNPA1L2","heterogeneous nuclear ribonucleoprotein A1 like 2 [Source:HGNC Symbol;Acc:HGNC:27067]","ENTREZGENE,GENECARDS,HGNC,UNIPROT_GN,WIKIGENE"
"AHSP","ENSG00000169877","AHSP","alpha hemoglobin stabilizing protein [Source:HGNC Symbol;Acc:HGNC:18075]","ENTREZGENE,GENECARDS,HGNC,UNIPROT_GN,WIKIGENE"
"GPSM3","ENSG00000213654","GPSM3","G protein signaling modulator 3 [Source:HGNC Symbol;Acc:HGNC:13945]","ENTREZGENE,GENECARDS,HGNC,UNIPROT_GN,WIKIGENE"
"NBEAL1","ENSG00000144426","NBEAL1","neurobeachin like 1 [Source:HGNC Symbol;Acc:HGNC:20681]","ENTREZGENE,GENECARDS,HGNC,UNIPROT_GN,WIKIGENE"
"RPL41","ENSG00000229117","RPL41","ribosomal protein L41 [Source:HGNC Symbol;Acc:HGNC:10354]","ENTREZGENE,GENECARDS,HGNC,UNIPROT_GN,WIKIGENE"
"ATP5G2","None","None","None",""
"GABRE","ENSG00000102287","GABRE","gamma-aminobutyric acid type A receptor subunit epsilon [Source:HGNC Symbol;Acc:HGNC:4085]","ENTREZGENE,GENECARDS,HGNC,UNIPROT_GN,WIKIGENE"
"RPS2","ENSG00000140988","RPS2","ribosomal protein S2 [Source:HGNC Symbol;Acc:HGNC:10404]","ENTREZGENE,GENECARDS,HGNC,UNIPROT_GN,WIKIGENE"
"CFL1","ENSG00000172757","CFL1","cofilin 1 [Source:HGNC Symbol;Acc:HGNC:1874]","ENTREZGENE,GENECARDS,HGNC,UNIPROT_GN,WIKIGENE"
"ALDH2","ENSG00000111275","ALDH2","aldehyde dehydrogenase 2 family member [Source:HGNC Symbol;Acc:HGNC:404]","ENTREZGENE,GENECARDS,HGNC,UNIPROT_GN,WIKIGENE"
"HIGD2A","ENSG00000146066","HIGD2A","HIG1 hypoxia inducible domain family member 2A [Source:HGNC Symbol;Acc:HGNC:28311]","ENTREZGENE,GENECARDS,HGNC,UNIPROT_GN,WIKIGENE"
"S100A10","ENSG00000197747","S100A10","S100 calcium binding protein A10 [Source:HGNC Symbol;Acc:HGNC:10487]","ENTREZGENE,GENECARDS,HGNC,UNIPROT_GN,WIKIGENE"
"CTSH","ENSG00000103811","CTSH","cathepsin H [Source:HGNC Symbol;Acc:HGNC:2535]","ENTREZGENE,GENECARDS,HGNC,UNIPROT_GN,WIKIGENE"
"LILRA5","ENSG00000187116","LILRA5","leukocyte immunoglobulin like receptor A5 [Source:HGNC Symbol;Acc:HGNC:16309]","ENTREZGENE,GENECARDS,HGNC,UNIPROT_GN,WIKIGENE"
"SLC30A10","ENSG00000196660","SLC30A10","solute carrier family 30 member 10 [Source:HGNC Symbol;Acc:HGNC:25355]","ENTREZGENE,GENECARDS,HGNC,UNIPROT_GN,WIKIGENE"
"GMFG","ENSG00000130755","GMFG","glia maturation factor gamma [Source:HGNC Symbol;Acc:HGNC:4374]","ENTREZGENE,GENECARDS,HGNC,UNIPROT_GN,WIKIGENE"
"EIF3K","ENSG00000178982","EIF3K","eukaryotic translation initiation factor 3 subunit K [Source:HGNC Symbol;Acc:HGNC:24656]","ENTREZGENE,GENECARDS,HGNC,UNIPROT_GN,WIKIGENE"
"CLIC1","ENSG00000213719","CLIC1","chloride intracellular channel 1 [Source:HGNC Symbol;Acc:HGNC:2062]","ENTREZGENE,GENECARDS,HGNC,UNIPROT_GN,WIKIGENE"
"RP11-797H7.5","None","None","None",""
"ANXA11","ENSG00000122359","ANXA11","annexin A11 [Source:HGNC Symbol;Acc:HGNC:535]","ENTREZGENE,GENECARDS,HGNC,UNIPROT_GN,WIKIGENE"
"RPL21","ENSG00000122026","RPL21","ribosomal protein L21 [Source:HGNC Symbol;Acc:HGNC:10313]","ENTREZGENE,GENECARDS,HGNC,UNIPROT_GN,WIKIGENE"
"PRAM1","ENSG00000133246","PRAM1","PML-RARA regulated adaptor molecule 1 [Source:HGNC Symbol;Acc:HGNC:30091]","ENTREZGENE,GENECARDS,HGNC,UNIPROT_GN,WIKIGENE"
"TUBB2A","ENSG00000137267","TUBB2A","tubulin beta 2A class IIa [Source:HGNC Symbol;Acc:HGNC:12412]","ENTREZGENE,GENECARDS,HGNC,UNIPROT_GN,WIKIGENE"
"CSF3R","ENSG00000119535","CSF3R","colony stimulating factor 3 receptor [Source:HGNC Symbol;Acc:HGNC:2439]","ENTREZGENE,GENECARDS,HGNC,UNIPROT_GN,WIKIGENE"
"NPM1","ENSG00000181163","NPM1","nucleophosmin 1 [Source:HGNC Symbol;Acc:HGNC:7910]","ENTREZGENE,GENECARDS,HGNC,UNIPROT_GN,WIKIGENE"
"SPP1","ENSG00000118785","SPP1","secreted phosphoprotein 1 [Source:HGNC Symbol;Acc:HGNC:11255]","ENTREZGENE,GENECARDS,HGNC,UNIPROT_GN,WIKIGENE"
"PSMB10","ENSG00000205220","PSMB10","proteasome 20S subunit beta 10 [Source:HGNC Symbol;Acc:HGNC:9538]","ENTREZGENE,GENECARDS,HGNC,UNIPROT_GN,WIKIGENE"
"UQCRC2","ENSG00000140740","UQCRC2","ubiquinol-cytochrome c reductase core protein 2 [Source:HGNC Symbol;Acc:HGNC:12586]","ENTREZGENE,GENECARDS,HGNC,UNIPROT_GN,WIKIGENE"
"LDHA","ENSG00000134333","LDHA","lactate dehydrogenase A [Source:HGNC Symbol;Acc:HGNC:6535]","ENTREZGENE,GENECARDS,HGNC,UNIPROT_GN,WIKIGENE"
"PYCARD","ENSG00000103490","PYCARD","PYD and CARD domain containing [Source:HGNC Symbol;Acc:HGNC:16608]","ENTREZGENE,GENECARDS,HGNC,UNIPROT_GN,WIKIGENE"
"RPS23","ENSG00000186468","RPS23","ribosomal protein S23 [Source:HGNC Symbol;Acc:HGNC:10410]","ENTREZGENE,GENECARDS,HGNC,UNIPROT_GN,WIKIGENE"
"RPL35","ENSG00000136942","RPL35","ribosomal protein L35 [Source:HGNC Symbol;Acc:HGNC:10344]","ENTREZGENE,GENECARDS,HGNC,UNIPROT_GN,WIKIGENE"
"ARPC1B","ENSG00000130429","ARPC1B","actin related protein 2/3 complex subunit 1B [Source:HGNC Symbol;Acc:HGNC:704]","ENTREZGENE,GENECARDS,HGNC,UNIPROT_GN,WIKIGENE"
"RGCC","ENSG00000102760","RGCC","regulator of cell cycle [Source:HGNC Symbol;Acc:HGNC:20369]","ENTREZGENE,GENECARDS,HGNC,UNIPROT_GN,WIKIGENE"
"PSMB8","ENSG00000204264","PSMB8","proteasome 20S subunit beta 8 [Source:HGNC Symbol;Acc:HGNC:9545]","ENTREZGENE,GENECARDS,HGNC,UNIPROT_GN,WIKIGENE"
"TIMD4","ENSG00000145850","TIMD4","T cell immunoglobulin and mucin domain containing 4 [Source:HGNC Symbol;Acc:HGNC:25132]","ENTREZGENE,GENECARDS,HGNC,UNIPROT_GN,WIKIGENE"
"PLAUR","ENSG00000011422","PLAUR","plasminogen activator, urokinase receptor [Source:HGNC Symbol;Acc:HGNC:9053]","ENTREZGENE,GENECARDS,HGNC,UNIPROT_GN,WIKIGENE"
"GRN","ENSG00000030582","GRN","granulin precursor [Source:HGNC Symbol;Acc:HGNC:4601]","ENTREZGENE,GENECARDS,HGNC,UNIPROT_GN,WIKIGENE"
"PILRA","ENSG00000085514","PILRA","paired immunoglobin like type 2 receptor alpha [Source:HGNC Symbol;Acc:HGNC:20396]","ENTREZGENE,GENECARDS,HGNC,UNIPROT_GN,WIKIGENE"
"RPL37A","ENSG00000197756","RPL37A","ribosomal protein L37a [Source:HGNC Symbol;Acc:HGNC:10348]","ENTREZGENE,GENECARDS,HGNC,UNIPROT_GN,WIKIGENE"
"PKM","ENSG00000067225","PKM","pyruvate kinase M1/2 [Source:HGNC Symbol;Acc:HGNC:9021]","ENTREZGENE,GENECARDS,HGNC,UNIPROT_GN,WIKIGENE"
"RP11-20B24.2","None","None","None",""
"CYC1","ENSG00000179091","CYC1","cytochrome c1 [Source:HGNC Symbol;Acc:HGNC:2579]","ENTREZGENE,GENECARDS,HGNC,UNIPROT_GN,WIKIGENE"
"OSTC","ENSG00000198856","OSTC","oligosaccharyltransferase complex non-catalytic subunit [Source:HGNC Symbol;Acc:HGNC:24448]","ENTREZGENE,GENECARDS,HGNC,UNIPROT_GN,WIKIGENE"
"BPGM","ENSG00000172331","BPGM","bisphosphoglycerate mutase [Source:HGNC Symbol;Acc:HGNC:1093]","ENTREZGENE,GENECARDS,HGNC,UNIPROT_GN,WIKIGENE"
"PRR13","ENSG00000205352","PRR13","proline rich 13 [Source:HGNC Symbol;Acc:HGNC:24528]","ENTREZGENE,GENECARDS,HGNC,UNIPROT_GN,WIKIGENE"
"TRAF3IP3","ENSG00000009790","TRAF3IP3","TRAF3 interacting protein 3 [Source:HGNC Symbol;Acc:HGNC:30766]","ENTREZGENE,GENECARDS,HGNC,UNIPROT_GN,WIKIGENE"
"CST3","ENSG00000101439","CST3","cystatin C [Source:HGNC Symbol;Acc:HGNC:2475]","ENTREZGENE,GENECARDS,HGNC,UNIPROT_GN,WIKIGENE"
"HCLS1","ENSG00000180353","HCLS1","hematopoietic cell-specific Lyn substrate 1 [Source:HGNC Symbol;Acc:HGNC:4844]","ENTREZGENE,GENECARDS,HGNC,UNIPROT_GN,WIKIGENE"
"LRRC25","ENSG00000175489","LRRC25","leucine rich repeat containing 25 [Source:HGNC Symbol;Acc:HGNC:29806]","ENTREZGENE,GENECARDS,HGNC,UNIPROT_GN,WIKIGENE"
"SERPINB1","ENSG00000021355","SERPINB1","serpin family B member 1 [Source:HGNC Symbol;Acc:HGNC:3311]","ENTREZGENE,GENECARDS,HGNC,UNIPROT_GN,WIKIGENE"
"CD44","ENSG00000026508","CD44","CD44 molecule (Indian blood group) [Source:HGNC Symbol;Acc:HGNC:1681]","ENTREZGENE,GENECARDS,HGNC,UNIPROT_GN,WIKIGENE"
"CTSS","ENSG00000163131","CTSS","cathepsin S [Source:HGNC Symbol;Acc:HGNC:2545]","ENTREZGENE,GENECARDS,HGNC,UNIPROT_GN,WIKIGENE"
"CFD","ENSG00000197766","CFD","complement factor D [Source:HGNC Symbol;Acc:HGNC:2771]","ENTREZGENE,GENECARDS,HGNC,UNIPROT_GN,WIKIGENE"
"GYPE","ENSG00000197465","GYPE","glycophorin E (MNS blood group) [Source:HGNC Symbol;Acc:HGNC:4705]","ENTREZGENE,GENECARDS,HGNC,UNIPROT_GN,WIKIGENE"
"ERP29","ENSG00000089248","ERP29","endoplasmic reticulum protein 29 [Source:HGNC Symbol;Acc:HGNC:13799]","ENTREZGENE,GENECARDS,HGNC,UNIPROT_GN,WIKIGENE"
"HLA-A","ENSG00000206503","HLA-A","major histocompatibility complex, class I, A [Source:HGNC Symbol;Acc:HGNC:4931]","ENTREZGENE,GENECARDS,HGNC,UNIPROT_GN,WIKIGENE"
"S100A11","ENSG00000163191","S100A11","S100 calcium binding protein A11 [Source:HGNC Symbol;Acc:HGNC:10488]","ENTREZGENE,GENECARDS,HGNC,UNIPROT_GN,WIKIGENE"
"LYZ","ENSG00000090382","LYZ","lysozyme [Source:HGNC Symbol;Acc:HGNC:6740]","ENTREZGENE,GENECARDS,HGNC,UNIPROT_GN,WIKIGENE"
"SNRPF","ENSG00000139343","SNRPF","small nuclear ribonucleoprotein polypeptide F [Source:HGNC Symbol;Acc:HGNC:11162]","ENTREZGENE,GENECARDS,HGNC,UNIPROT_GN,WIKIGENE"
"FAM26F","None","None","None",""
"C17ORF99","ENSG00000187997","C17orf99","chromosome 17 open reading frame 99 [Source:HGNC Symbol;Acc:HGNC:34490]","ENTREZGENE,GENECARDS,HGNC,UNIPROT_GN,WIKIGENE"
"PNISR","ENSG00000132424","PNISR","PNN interacting serine and arginine rich protein [Source:HGNC Symbol;Acc:HGNC:21222]","ENTREZGENE,GENECARDS,HGNC,UNIPROT_GN,WIKIGENE"
"CSTA","ENSG00000121552","CSTA","cystatin A [Source:HGNC Symbol;Acc:HGNC:2481]","ENTREZGENE,GENECARDS,HGNC,UNIPROT_GN,WIKIGENE"
"RPS12","ENSG00000112306","RPS12","ribosomal protein S12 [Source:HGNC Symbol;Acc:HGNC:10385]","ENTREZGENE,GENECARDS,HGNC,UNIPROT_GN,WIKIGENE"
"COX5A","ENSG00000178741","COX5A","cytochrome c oxidase subunit 5A [Source:HGNC Symbol;Acc:HGNC:2267]","ENTREZGENE,GENECARDS,HGNC,UNIPROT_GN,WIKIGENE"
"FAM210B","ENSG00000124098","FAM210B","family with sequence similarity 210 member B [Source:HGNC Symbol;Acc:HGNC:16102]","ENTREZGENE,GENECARDS,HGNC,UNIPROT_GN,WIKIGENE"
"CCDC12","ENSG00000160799","CCDC12","coiled-coil domain containing 12 [Source:HGNC Symbol;Acc:HGNC:28332]","ENTREZGENE,GENECARDS,HGNC,UNIPROT_GN,WIKIGENE"
"LINC00493","None","None","None",""
"IMPDH2","ENSG00000178035","IMPDH2","inosine monophosphate dehydrogenase 2 [Source:HGNC Symbol;Acc:HGNC:6053]","ENTREZGENE,GENECARDS,HGNC,UNIPROT_GN,WIKIGENE"
"TIMP1","ENSG00000102265","TIMP1","TIMP metallopeptidase inhibitor 1 [Source:HGNC Symbol;Acc:HGNC:11820]","ENTREZGENE,GENECARDS,HGNC,UNIPROT_GN,WIKIGENE"
"FMNL1","ENSG00000184922","FMNL1","formin like 1 [Source:HGNC Symbol;Acc:HGNC:1212]","ENTREZGENE,GENECARDS,HGNC,UNIPROT_GN,WIKIGENE"
"SLC25A37","ENSG00000147454","SLC25A37","solute carrier family 25 member 37 [Source:HGNC Symbol;Acc:HGNC:29786]","ENTREZGENE,GENECARDS,HGNC,UNIPROT_GN,WIKIGENE"
"ASIC4","ENSG00000072182","ASIC4","acid sensing ion channel subunit family member 4 [Source:HGNC Symbol;Acc:HGNC:21263]","ENTREZGENE,GENECARDS,HGNC,UNIPROT_GN,WIKIGENE"
"RHOG","ENSG00000177105","RHOG","ras homolog family member G [Source:HGNC Symbol;Acc:HGNC:672]","ENTREZGENE,GENECARDS,HGNC,UNIPROT_GN,WIKIGENE"
"HPCAL1","ENSG00000115756","HPCAL1","hippocalcin like 1 [Source:HGNC Symbol;Acc:HGNC:5145]","ENTREZGENE,GENECARDS,HGNC,UNIPROT_GN,WIKIGENE"
"PPP1CA","ENSG00000172531","PPP1CA","protein phosphatase 1 catalytic subunit alpha [Source:HGNC Symbol;Acc:HGNC:9281]","ENTREZGENE,GENECARDS,HGNC,UNIPROT_GN,WIKIGENE"
"GPR65","ENSG00000140030","GPR65","G protein-coupled receptor 65 [Source:HGNC Symbol;Acc:HGNC:4517]","ENTREZGENE,GENECARDS,HGNC,UNIPROT_GN,WIKIGENE"
"RPS25","ENSG00000118181","RPS25","ribosomal protein S25 [Source:HGNC Symbol;Acc:HGNC:10413]","ENTREZGENE,GENECARDS,HGNC,UNIPROT_GN,WIKIGENE"
"CTSE","ENSG00000196188","CTSE","cathepsin E [Source:HGNC Symbol;Acc:HGNC:2530]","ENTREZGENE,GENECARDS,HGNC,UNIPROT_GN,WIKIGENE"
"GAPT","ENSG00000175857","GAPT","GRB2 binding adaptor protein, transmembrane [Source:HGNC Symbol;Acc:HGNC:26588]","ENTREZGENE,GENECARDS,HGNC,UNIPROT_GN,WIKIGENE"
"APBB1IP","ENSG00000077420","APBB1IP","amyloid beta precursor protein binding family B member 1 interacting protein [Source:HGNC Symbol;Acc:HGNC:17379]","ENTREZGENE,GENECARDS,HGNC,UNIPROT_GN,WIKIGENE"
"SPI1","ENSG00000066336","SPI1","Spi-1 proto-oncogene [Source:HGNC Symbol;Acc:HGNC:11241]","ENTREZGENE,GENECARDS,HGNC,UNIPROT_GN,WIKIGENE"
"SLC16A3","ENSG00000141526","SLC16A3","solute carrier family 16 member 3 [Source:HGNC Symbol;Acc:HGNC:10924]","ENTREZGENE,GENECARDS,HGNC,UNIPROT_GN,WIKIGENE"
"RILPL2","ENSG00000150977","RILPL2","Rab interacting lysosomal protein like 2 [Source:HGNC Symbol;Acc:HGNC:28787]","ENTREZGENE,GENECARDS,HGNC,UNIPROT_GN,WIKIGENE"
"PFN1","ENSG00000108518","PFN1","profilin 1 [Source:HGNC Symbol;Acc:HGNC:8881]","ENTREZGENE,GENECARDS,HGNC,UNIPROT_GN,WIKIGENE"
"SCN9A","ENSG00000169432","SCN9A","sodium voltage-gated channel alpha subunit 9 [Source:HGNC Symbol;Acc:HGNC:10597]","ENTREZGENE,GENECARDS,HGNC,UNIPROT_GN,WIKIGENE"
"SEPT9","ENSG00000184640","SEPTIN9","septin 9 [Source:HGNC Symbol;Acc:HGNC:7323]","UNIPROT_GN"
"SPINT2","ENSG00000167642","SPINT2","serine peptidase inhibitor, Kunitz type 2 [Source:HGNC Symbol;Acc:HGNC:11247]","ENTREZGENE,GENECARDS,HGNC,UNIPROT_GN,WIKIGENE"
"XIST","ENSG00000229807","XIST","X inactive specific transcript [Source:HGNC Symbol;Acc:HGNC:12810]","ENTREZGENE,GENECARDS,HGNC,WIKIGENE"
"PMVK","ENSG00000163344","PMVK","phosphomevalonate kinase [Source:HGNC Symbol;Acc:HGNC:9141]","ENTREZGENE,GENECARDS,HGNC,UNIPROT_GN,WIKIGENE"
"QARS","None","None","None",""
"ANXA1","ENSG00000135046","ANXA1","annexin A1 [Source:HGNC Symbol;Acc:HGNC:533]","ENTREZGENE,GENECARDS,HGNC,UNIPROT_GN,WIKIGENE"
"BTF3","ENSG00000145741","BTF3","basic transcription factor 3 [Source:HGNC Symbol;Acc:HGNC:1125]","ENTREZGENE,GENECARDS,HGNC,UNIPROT_GN,WIKIGENE"
"SH3KBP1","ENSG00000147010","SH3KBP1","SH3 domain containing kinase binding protein 1 [Source:HGNC Symbol;Acc:HGNC:13867]","ENTREZGENE,GENECARDS,HGNC,UNIPROT_GN,WIKIGENE"
"IFNGR2","ENSG00000159128","IFNGR2","interferon gamma receptor 2 [Source:HGNC Symbol;Acc:HGNC:5440]","ENTREZGENE,GENECARDS,HGNC,UNIPROT_GN,WIKIGENE"
"SUSD3","ENSG00000157303","SUSD3","sushi domain containing 3 [Source:HGNC Symbol;Acc:HGNC:28391]","ENTREZGENE,GENECARDS,HGNC,UNIPROT_GN,WIKIGENE"
"TRAPPC6A","ENSG00000007255","TRAPPC6A","trafficking protein particle complex subunit 6A [Source:HGNC Symbol;Acc:HGNC:23069]","ENTREZGENE,GENECARDS,HGNC,UNIPROT_GN,WIKIGENE"
"SAMHD1","ENSG00000101347","SAMHD1","SAM and HD domain containing deoxynucleoside triphosphate triphosphohydrolase 1 [Source:HGNC Symbol;Acc:HGNC:15925]","ENTREZGENE,GENECARDS,HGNC,UNIPROT_GN,WIKIGENE"
"HIST3H2A","None","None","None",""
"SNCA","ENSG00000145335","SNCA","synuclein alpha [Source:HGNC Symbol;Acc:HGNC:11138]","ENTREZGENE,GENECARDS,HGNC,UNIPROT_GN,WIKIGENE"
"THEMIS2","ENSG00000130775","THEMIS2","thymocyte selection associated family member 2 [Source:HGNC Symbol;Acc:HGNC:16839]","ENTREZGENE,GENECARDS,HGNC,UNIPROT_GN,WIKIGENE"
"TSC22D3","ENSG00000157514","TSC22D3","TSC22 domain family member 3 [Source:HGNC Symbol;Acc:HGNC:3051]","ENTREZGENE,GENECARDS,HGNC,UNIPROT_GN,WIKIGENE"
"GDF15","ENSG00000130513","GDF15","growth differentiation factor 15 [Source:HGNC Symbol;Acc:HGNC:30142]","ENTREZGENE,GENECARDS,HGNC,UNIPROT_GN,WIKIGENE"
"MYL4","ENSG00000198336","MYL4","myosin light chain 4 [Source:HGNC Symbol;Acc:HGNC:7585]","ENTREZGENE,GENECARDS,HGNC,UNIPROT_GN,WIKIGENE"
"ACHE","ENSG00000087085","ACHE","acetylcholinesterase (Cartwright blood group) [Source:HGNC Symbol;Acc:HGNC:108]","ENTREZGENE,GENECARDS,HGNC,UNIPROT_GN,WIKIGENE"
"MT-CYB","ENSG00000198727","MT-CYB","mitochondrially encoded cytochrome b [Source:HGNC Symbol;Acc:HGNC:7427]","GENECARDS,HGNC,UNIPROT_GN"
"RPS28","ENSG00000233927","RPS28","ribosomal protein S28 [Source:HGNC Symbol;Acc:HGNC:10418]","ENTREZGENE,GENECARDS,HGNC,UNIPROT_GN,WIKIGENE"
"AOAH","ENSG00000136250","AOAH","acyloxyacyl hydrolase [Source:HGNC Symbol;Acc:HGNC:548]","ENTREZGENE,GENECARDS,HGNC,UNIPROT_GN,WIKIGENE"
"RPL39","ENSG00000198918","RPL39","ribosomal protein L39 [Source:HGNC Symbol;Acc:HGNC:10350]","ENTREZGENE,GENECARDS,HGNC,UNIPROT_GN,WIKIGENE"
"NSA2","ENSG00000164346","NSA2","NSA2 ribosome biogenesis factor [Source:HGNC Symbol;Acc:HGNC:30728]","ENTREZGENE,GENECARDS,HGNC,UNIPROT_GN,WIKIGENE"
"TNFAIP8L2","ENSG00000163154","TNFAIP8L2","TNF alpha induced protein 8 like 2 [Source:HGNC Symbol;Acc:HGNC:26277]","ENTREZGENE,GENECARDS,HGNC,UNIPROT_GN,WIKIGENE"
"MFHAS1","ENSG00000147324","MFHAS1","multifunctional ROCO family signaling regulator 1 [Source:HGNC Symbol;Acc:HGNC:16982]","ENTREZGENE,GENECARDS,HGNC,UNIPROT_GN,WIKIGENE"
"CASP1","ENSG00000137752","CASP1","caspase 1 [Source:HGNC Symbol;Acc:HGNC:1499]","ENTREZGENE,GENECARDS,HGNC,UNIPROT_GN,WIKIGENE"
"LTB4R","ENSG00000213903","LTB4R","leukotriene B4 receptor [Source:HGNC Symbol;Acc:HGNC:6713]","ENTREZGENE,GENECARDS,HGNC,UNIPROT_GN,WIKIGENE"
"EVI2B","ENSG00000185862","EVI2B","ecotropic viral integration site 2B [Source:HGNC Symbol;Acc:HGNC:3500]","ENTREZGENE,GENECARDS,HGNC,UNIPROT_GN,WIKIGENE"
"MAP1A","ENSG00000166963","MAP1A","microtubule associated protein 1A [Source:HGNC Symbol;Acc:HGNC:6835]","ENTREZGENE,GENECARDS,HGNC,UNIPROT_GN,WIKIGENE"
"ACTB","ENSG00000075624","ACTB","actin beta [Source:HGNC Symbol;Acc:HGNC:132]","ENTREZGENE,GENECARDS,HGNC,UNIPROT_GN,WIKIGENE"
"MYO1F","ENSG00000142347","MYO1F","myosin IF [Source:HGNC Symbol;Acc:HGNC:7600]","ENTREZGENE,GENECARDS,HGNC,UNIPROT_GN,WIKIGENE"
"FLNA","ENSG00000196924","FLNA","filamin A [Source:HGNC Symbol;Acc:HGNC:3754]","ENTREZGENE,GENECARDS,HGNC,UNIPROT_GN,WIKIGENE"
"CACNA2D3","ENSG00000157445","CACNA2D3","calcium voltage-gated channel auxiliary subunit alpha2delta 3 [Source:HGNC Symbol;Acc:HGNC:15460]","ENTREZGENE,GENECARDS,HGNC,UNIPROT_GN,WIKIGENE"
"FCN1","ENSG00000085265","FCN1","ficolin 1 [Source:HGNC Symbol;Acc:HGNC:3623]","ENTREZGENE,GENECARDS,HGNC,UNIPROT_GN,WIKIGENE"
"RPL27A","ENSG00000166441","RPL27A","ribosomal protein L27a [Source:HGNC Symbol;Acc:HGNC:10329]","ENTREZGENE,GENECARDS,HGNC,UNIPROT_GN,WIKIGENE"
"FAM213A","None","None","None",""
"PRKCD","ENSG00000163932","PRKCD","protein kinase C delta [Source:HGNC Symbol;Acc:HGNC:9399]","ENTREZGENE,GENECARDS,HGNC,UNIPROT_GN,WIKIGENE"
"SEC11A","ENSG00000140612","SEC11A","SEC11 homolog A, signal peptidase complex subunit [Source:HGNC Symbol;Acc:HGNC:17718]","ENTREZGENE,GENECARDS,HGNC,UNIPROT_GN,WIKIGENE"
"TPR","ENSG00000047410","TPR","translocated promoter region, nuclear basket protein [Source:HGNC Symbol;Acc:HGNC:12017]","ENTREZGENE,GENECARDS,HGNC,UNIPROT_GN,WIKIGENE"
"SEPT6","ENSG00000125354","SEPTIN6","septin 6 [Source:HGNC Symbol;Acc:HGNC:15848]","UNIPROT_GN"
"TAPBP","ENSG00000231925","TAPBP","TAP binding protein [Source:HGNC Symbol;Acc:HGNC:11566]","ENTREZGENE,GENECARDS,HGNC,UNIPROT_GN,WIKIGENE"
"LCP1","ENSG00000136167","LCP1","lymphocyte cytosolic protein 1 [Source:HGNC Symbol;Acc:HGNC:6528]","ENTREZGENE,GENECARDS,HGNC,UNIPROT_GN,WIKIGENE"