,species,genus
17,Methylophilus_methylotrophus,Methylophilus
65552,Meiothermus_cerbereus,Meiothermus
24,Shewanella_putrefaciens,Shewanella
51,Chondromyces_apiculatus,Chondromyces
180282,Delftia_tsuruhatensis,Delftia
69,Lysobacter_enzymogenes,Lysobacter
180332,Robinsoniella_peoriensis,Robinsoniella
475254,Pedobacter_borealis,Pedobacter
49338,Desulfitobacterium_hafniense,Desulfitobacterium
1671366,Ruminococcus_sp._DSM_100440,Ruminococcus
228,Pseudoalteromonas_haloplanktis,Pseudoalteromonas
33011,Cutibacterium_granulosum,Cutibacterium
65786,Hydrogenophaga_intermedia,Hydrogenophaga
254,Chryseobacterium_indoltheticum,Chryseobacterium
147709,Carnobacterium_inhibens,Carnobacterium
33033,Parvimonas_micra,Parvimonas
33038,[Ruminococcus]_gnavus,[Ruminococcus]
33039,[Ruminococcus]_torques,[Ruminococcus]
33043,Coprococcus_eutactus,Coprococcus
33051,Sphingomonas_sanguinis,Sphingomonas
285,Comamonas_testosteroni,Comamonas
287,Pseudomonas_aeruginosa,Pseudomonas
292,Burkholderia_cepacia,Burkholderia
293,Brevundimonas_diminuta,Brevundimonas
294,Pseudomonas_fluorescens,Pseudomonas
300,Pseudomonas_mendocina,Pseudomonas
33069,Pseudomonas_viridiflava,Pseudomonas
303,Pseudomonas_putida,Pseudomonas
305,Ralstonia_solanacearum,Ralstonia
316,Pseudomonas_stutzeri,Pseudomonas
317,Pseudomonas_syringae,Pseudomonas
329,Ralstonia_pickettii,Ralstonia
346,Xanthomonas_citri,Xanthomonas
360807,Roseburia_inulinivorans,Roseburia
98672,Arthrobacter_luteolus,Arthrobacter
408,Methylobacterium_extorquens,Methylobacterium
414,Methylococcus_capsulatus,Methylococcus
415,Methylobacter_luteus,Methylobacter
426,Methylosinus_trichosporium,Methylosinus
438,Acetobacter_pasteurianus,Acetobacter
446,Legionella_pneumophila,Legionella
360911,Exiguobacterium_sp._AT1b,Exiguobacterium
470,Acinetobacter_baumannii,Acinetobacter
471,Acinetobacter_calcoaceticus,Acinetobacter
476,Moraxella_bovis,Moraxella
410072,Coprococcus_comes,Coprococcus
511,Alcaligenes_faecalis,Alcaligenes
246272,Bacillus_bogoriensis,Bacillus
518,Bordetella_bronchiseptica,Bordetella
546,Citrobacter_freundii,Citrobacter
548,Klebsiella_aerogenes,Klebsiella
549,Pantoea_agglomerans,Pantoea
550,Enterobacter_cloacae,Enterobacter
553,Pantoea_ananatis,Pantoea
562,Escherichia_coli,Escherichia
563,Shimwellia_blattae,Shimwellia
571,Klebsiella_oxytoca,Klebsiella
573,Klebsiella_pneumoniae,Klebsiella
582,Morganella_morganii,Morganella
584,Proteus_mirabilis,Proteus
585,Proteus_vulgaris,Proteus
587,Providencia_rettgeri,Providencia
588,Providencia_stuartii,Providencia
621,Shigella_boydii,Shigella
623,Shigella_flexneri,Shigella
628,Xenorhabdus_nematophila,Xenorhabdus
632,Yersinia_pestis,Yersinia
644,Aeromonas_hydrophila,Aeromonas
645,Aeromonas_salmonicida,Aeromonas
654,Aeromonas_veronii,Aeromonas
66219,Lachnoclostridium_phytofermentans,Lachnoclostridium
703,Plesiomonas_shigelloides,Plesiomonas
393921,Porphyromonas_crevioricanis,Porphyromonas
716,Actinobacillus_suis,Actinobacillus
727,Haemophilus_influenzae,Haemophilus
730,[Haemophilus]_ducreyi,[Haemophilus]
66269,Pantoea_stewartii,Pantoea
738,[Haemophilus]_parasuis,[Haemophilus]
747,Pasteurella_multocida,Pasteurella
817,Bacteroides_fragilis,Bacteroides
818,Bacteroides_thetaiotaomicron,Bacteroides
820,Bacteroides_uniformis,Bacteroides
821,Bacteroides_vulgatus,Bacteroides
823,Parabacteroides_distasonis,Parabacteroides
837,Porphyromonas_gingivalis,Porphyromonas
839,Prevotella_ruminicola,Prevotella
840,Prevotella_loescheii,Prevotella
850,Fusobacterium_mortiferum,Fusobacterium
851,Fusobacterium_nucleatum,Fusobacterium
856,Fusobacterium_varium,Fusobacterium
859,Fusobacterium_necrophorum,Fusobacterium
860,Fusobacterium_periodonticum,Fusobacterium
861,Fusobacterium_ulcerans,Fusobacterium
907,Megasphaera_elsdenii,Megasphaera
964,Herbaspirillum_seropedicae,Herbaspirillum
971,Selenomonas_ruminantium,Selenomonas
982,Saccharicrinis_fermentans,Saccharicrinis
986,Flavobacterium_johnsoniae,Flavobacterium
995,Solitalea_canadensis,Solitalea
656366,Arthrobacter_alpinus,Arthrobacter
996,Flavobacterium_columnare,Flavobacterium
197614,Streptococcus_pasteurianus,Streptococcus
1015,Bergeyella_zoohelcum,Bergeyella
246787,Bacteroides_cellulosilyticus,Bacteroides
1076,Rhodopseudomonas_palustris,Rhodopseudomonas
1112,Porphyrobacter_neustonensis,Porphyrobacter
328813,Alistipes_onderdonkii,Alistipes
328812,Parabacteroides_goldsteinii,Parabacteroides
328814,Alistipes_shahii,Alistipes
33934,Anoxybacillus_flavithermus,Anoxybacillus
33940,Geobacillus_thermodenitrificans,Geobacillus
33964,Leuconostoc_citreum,Leuconostoc
33987,Exiguobacterium_aurantiacum,Exiguobacterium
1244,Leuconostoc_gelidum,Leuconostoc
1245,Leuconostoc_mesenteroides,Leuconostoc
1246,Leuconostoc_lactis,Leuconostoc
1254,Pediococcus_acidilactici,Pediococcus
1255,Pediococcus_pentosaceus,Pediococcus
1260,Finegoldia_magna,Finegoldia
1148157,Acinetobacter_oleivorans,Acinetobacter
1270,Micrococcus_luteus,Micrococcus
1280,Staphylococcus_aureus,Staphylococcus
1282,Staphylococcus_epidermidis,Staphylococcus
1290,Staphylococcus_hominis,Staphylococcus
34062,Moraxella_osloensis,Moraxella
1303,Streptococcus_oralis,Streptococcus
1304,Streptococcus_salivarius,Streptococcus
34073,Variovorax_paradoxus,Variovorax
1313,Streptococcus_pneumoniae,Streptococcus
1314,Streptococcus_pyogenes,Streptococcus
1318,Streptococcus_parasanguinis,Streptococcus
1322,Blautia_hansenii,Blautia
1328,Streptococcus_anginosus,Streptococcus
34103,Sphaerotilus_natans,Sphaerotilus
1336,Streptococcus_equi,Streptococcus
165179,Prevotella_copri,Prevotella
1343,Streptococcus_vestibularis,Streptococcus
1355,Enterococcus_columbae,Enterococcus
1356,Enterococcus_sulfureus,Enterococcus
1366,Lactococcus_raffinolactis,Lactococcus
1379,Gemella_haemolysans,Gemella
1402,Bacillus_licheniformis,Bacillus
1404,Bacillus_megaterium,Bacillus
1405,Bacillus_mycoides,Bacillus
1406,Paenibacillus_polymyxa,Paenibacillus
1413,Bacillus_cellulosilyticus,Bacillus
1423,Bacillus_subtilis,Bacillus
1467,Bacillus_lentus,Bacillus
1471,Bacillus_methanolicus,Bacillus
1476,Sporosarcina_psychrophila,Sporosarcina
1479,Bacillus_smithii,Bacillus
83406,gamma_proteobacterium_HdN1,gamma
1488,Clostridium_acetobutylicum,Clostridium
1490,Paraclostridium_bifermentans,Paraclostridium
1492,Clostridium_butyricum,Clostridium
1493,Clostridium_cellulovorans,Clostridium
1496,Clostridioides_difficile,Clostridioides
1497,Clostridium_formicaceticum,Clostridium
1499,[Clostridium]_josui,[Clostridium]
99807,Corynebacterium_auriscanis,Corynebacterium
1502,Clostridium_perfringens,Clostridium
1511,Acetoanaerobium_sticklandii,Acetoanaerobium
1512,[Clostridium]_symbiosum,[Clostridium]
1513,Clostridium_tetani,Clostridium
1515,Ruminiclostridium_thermocellum,Ruminiclostridium
1520,Clostridium_beijerinckii,Clostridium
1522,[Clostridium]_innocuum,[Clostridium]
1531,[Clostridium]_clostridioforme,[Clostridium]
1534,Clostridium_kluyveri,Clostridium
1540,Clostridioides_mangenotii,Clostridioides
1542,Clostridium_novyi,Clostridium
1556,Gottschalkia_acidurici,Gottschalkia
1561,Clostridium_baratii,Clostridium
1564,Desulfotomaculum_ruminis,Desulfotomaculum
722472,Bradyrhizobium_lablabi,Bradyrhizobium
1050174,Corynebacterium_epidermidicanis,Corynebacterium
1590,Lactobacillus_plantarum,Lactobacillus
1625,Lactobacillus_sanfranciscensis,Lactobacillus
1648,Erysipelothrix_rhusiopathiae,Erysipelothrix
1656,Actinomyces_viscosus,Actinomyces
296591,Polaromonas_sp._JS666,Polaromonas
1680,Bifidobacterium_adolescentis,Bifidobacterium
1683,Bifidobacterium_angulatum,Bifidobacterium
1689,Bifidobacterium_dentium,Bifidobacterium
1694,Bifidobacterium_pseudolongum,Bifidobacterium
1698,Brevibacterium_epidermidis,Brevibacterium
1705,Corynebacterium_stationis,Corynebacterium
1717,Corynebacterium_diphtheriae,Corynebacterium
1718,Corynebacterium_glutamicum,Corynebacterium
1719,Corynebacterium_pseudotuberculosis,Corynebacterium
1727,Corynebacterium_variabile,Corynebacterium
1731,Peptoclostridium_acidaminophilum,Peptoclostridium
1735,Holdemanella_biformis,Holdemanella
1736,Eubacterium_limosum,Eubacterium
1747,Cutibacterium_acnes,Cutibacterium
1766,Mycobacterium_fortuitum,Mycobacterium
1797,Mycobacterium_thermoresistibile,Mycobacterium
1800,Mycobacterium_chubuense,Mycobacterium
1828,Rhodococcus_fascians,Rhodococcus
1833,Rhodococcus_erythropolis,Rhodococcus
214856,Alistipes_finegoldii,Alistipes
411489,Clostridium_sp._L2-50,Clostridium
427923,Desulfurivibrio_alkaliphilus,Desulfurivibrio
2047,Rothia_dentocariosa,Rothia
706570,Pseudomonas_flexibilis,Pseudomonas
2055,Gordonia_terrae,Gordonia
231455,Dyella_japonica,Dyella
84022,Clostridium_aceticum,Clostridium
84030,[Clostridium]_saccharolyticum,[Clostridium]
673862,Candidatus_Babela_massiliensis,Candidatus
1099853,Coprobacter_fastidiosus,Coprobacter
329854,Bacteroides_intestinalis,Bacteroides
84096,Gordonia_alkanivorans,Gordonia
84109,Slackia_exigua,Slackia
84110,Slackia_heliotrinireducens,Slackia
84112,Eggerthella_lenta,Eggerthella
84163,Cryptobacterium_curtum,Cryptobacterium
313598,Polaribacter_sp._MED152,Polaribacter
2378,Sporomusa_ovata,Sporomusa
51663,Pediococcus_damnosus,Pediococcus
150055,Streptococcus_lutetiensis,Streptococcus
84531,Lysobacter_antibioticus,Lysobacter
166486,Roseburia_intestinalis,Roseburia
1215089,Planococcus_halocryophilus,Planococcus
2702,Gardnerella_vaginalis,Gardnerella
658088,Lachnospiraceae_bacterium_9_1_43BFAA,Lachnospiraceae
658089,Lachnospiraceae_bacterium_5_1_63FAA,Lachnospiraceae
658082,Lachnospiraceae_bacterium_2_1_58FAA,Lachnospiraceae
658083,Lachnospiraceae_bacterium_6_1_63FAA,Lachnospiraceae
658081,Lachnospiraceae_bacterium_1_1_57FAA,Lachnospiraceae
658086,Lachnospiraceae_bacterium_3_1_57FAA_CT1,Lachnospiraceae
658087,Lachnospiraceae_bacterium_7_1_58FAA,Lachnospiraceae
658085,Lachnospiraceae_bacterium_5_1_57FAA,Lachnospiraceae
35517,[Eubacterium]_brachy,[Eubacterium]
2757,Brochothrix_campestris,Brochothrix
674529,Bacteroides_faecis,Bacteroides
1346286,Dysgonomonas_macrotermitis,Dysgonomonas
281362,Dechloromonas_denitrificans,Dechloromonas
1133319,Bacteroides_reticulotermitis,Bacteroides
133926,Olsenella_uli,Olsenella
52022,Meiothermus_silvanus,Meiothermus
871325,Bacteroides_faecichinchillae,Bacteroides
871324,Bacteroides_stercorirosoris,Bacteroides
52133,Acinetobacter_venetianus,Acinetobacter
35760,Bifidobacterium_choerinum,Bifidobacterium
314319,Prolixibacter_bellariivorans,Prolixibacter
35825,Pseudobacteroides_cellulosolvens,Pseudobacteroides
52227,Prevotella_dentalis,Prevotella
52229,[Hallella]_seregens,[Hallella]
658457,Pseudomonas_composti,Pseudomonas
461876,Alkaliphilus_oremlandii,Alkaliphilus
265291,Comamonas_badia,Comamonas
592978,Ruminococcus_faecis,Ruminococcus
101564,Pseudomonas_alcaliphila,Pseudomonas
265429,Silanimonas_lenta,Silanimonas
658655,Lachnospiraceae_bacterium_1_4_56FAA,Lachnospiraceae
445709,Pandoraea_thiooxydans,Pandoraea
232721,Acidovorax_sp._JS42,Acidovorax
281920,Porphyromonas_uenonis,Porphyromonas
1297750,Bacteroides_luti,Bacteroides
347481,Asticcacaulis_benevestitus,Asticcacaulis
134534,Acinetobacter_gyllenbergii,Acinetobacter
511435,Candidatus_Azobacteroides_pseudotrichonymphae,Candidatus
134605,Fusobacterium_equinum,Fusobacterium
52773,Actinomyces_meyeri,Actinomyces
85643,Thauera_sp._MZ1T,Thauera
85698,Achromobacter_xylosoxidans,Achromobacter
167642,Ilyobacter_polytropus,Ilyobacter
741091,Rahnella_sp._Y9602,Rahnella
151276,Bacteroides_coprosuis,Bacteroides
282402,Prevotella_multiformis,Prevotella
216903,Chryseobacterium_molle,Chryseobacterium
85831,Bacteroides_acidifaciens,Bacteroides
1118061,Alistipes_obesi,Alistipes
36745,Clostridium_saccharoperbutylacetonicum,Clostridium
479117,Brevibacterium_ravenspurgense,Brevibacterium
217031,Bacillus_galactosidilyticus,Bacillus
36822,Gordonia_rubripertincta,Gordonia
36845,Clostridium_intestinale,Clostridium
53254,Bosea_thiooxidans,Bosea
36873,Paraburkholderia_xenovorans,Paraburkholderia
36874,Porphyromonas_cangingivalis,Porphyromonas
36875,Porphyromonas_canoris,Porphyromonas
53332,Desulfobulbus_elongatus,Desulfobulbus
53346,Enterococcus_mundtii,Enterococcus
53408,Pseudomonas_citronellolis,Pseudomonas
53422,Thermobrachium_celere,Thermobrachium
69823,Selenomonas_sputigena,Selenomonas
69825,[Clostridium]_indolis,[Clostridium]
446660,Adlercreutzia_equolifaciens,Adlercreutzia
53443,Blautia_hydrogenotrophica,Blautia
53446,Streptomyces_cinnamoneus,Streptomyces
53462,Mycobacterium_mageritense,Mycobacterium
626940,Phascolarctobacterium_succinatutens,Phascolarctobacterium
626929,Bacteroides_clarus,Bacteroides
626931,Bacteroides_oleiciplenus,Bacteroides
626930,Bacteroides_fluxus,Bacteroides
626933,Odoribacter_laneus,Odoribacter
626932,Alistipes_indistinctus,Alistipes
626935,Collinsella_tanakaei,Collinsella
626934,Slackia_piriformis,Slackia
332056,Sphingobium_japonicum,Sphingobium
151895,Pseudopedobacter_saltans,Pseudopedobacter
119219,Cupriavidus_metallidurans,Cupriavidus
430522,Pedobacter_steynii,Pedobacter
168384,Marvinbryantia_formatexigens,Marvinbryantia
266762,Porphyromonas_gingivicanis,Porphyromonas
168471,Laribacter_hongkongensis,Laribacter
397865,Barnesiella_viscericola,Barnesiella
86665,Bacillus_halodurans,Bacillus
53972,Rhodococcus_corynebacterioides,Rhodococcus
545533,Alishewanella_jeotgali,Alishewanella
37752,Flavobacterium_hibernum,Flavobacterium
152480,Burkholderia_ambifaria,Burkholderia
185293,Prevotella_oryzae,Prevotella
185300,Paludibacter_propionicigenes,Paludibacter
37915,Dietzia_maris,Dietzia
37919,Rhodococcus_opacus,Rhodococcus
37928,Arthrobacter_crystallopoietes,Arthrobacter
283734,Staphylococcus_pseudintermedius,Staphylococcus
70775,Pseudomonas_plecoglossicida,Pseudomonas
70863,Shewanella_oneidensis,Shewanella
169292,Corynebacterium_aurimucosum,Corynebacterium
70995,Lewinella_cohaerens,Lewinella
284016,Phenylobacterium_zucineum,Phenylobacterium
103817,Janibacter_terrae,Janibacter
38284,Corynebacterium_accolens,Corynebacterium
284042,Streptomyces_violaceorubidus,Streptomyces
38288,Corynebacterium_genitalium,Corynebacterium
38303,Corynebacterium_pseudogenitalium,Corynebacterium
38313,Shewanella_algae,Shewanella
54736,Salmonella_bongori,Salmonella
169435,Anaerotruncus_colihominis,Anaerotruncus
1463837,Streptomyces_sp._NRRL_B-3253,Streptomyces
333367,[Clostridium]_asparagiforme,[Clostridium]
136857,Corynebacterium_testudinoris,Corynebacterium
415425,Flavobacterium_terrae,Flavobacterium
87883,Burkholderia_multivorans,Burkholderia
71657,Lonsdalea_quercina,Lonsdalea
1661050,Pseudomonas_sp._NBRC_111135,Pseudomonas
1661055,Pseudomonas_sp._NBRC_111140,Pseudomonas
1661032,Pseudomonas_sp._NBRC_111117,Pseudomonas
39029,Megasphaera_cerevisiae,Megasphaera
596085,Prevotella_aurantiaca,Prevotella
1661059,Pseudomonas_sp._NBRC_111144,Pseudomonas
202955,Acinetobacter_tjernbergiae,Acinetobacter
202952,Acinetobacter_gerneri,Acinetobacter
202956,Acinetobacter_towneri,Acinetobacter
55508,Janthinobacterium_agaricidamnosum,Janthinobacterium
301301,Roseburia_hominis,Roseburia
301302,Roseburia_faecis,Roseburia
1071390,Acinetobacter_sp._NBRC_100985,Acinetobacter
743722,Sphingobacterium_sp._21,Sphingobacterium
71999,Kocuria_palustris,Kocuria
88431,Dorea_longicatena,Dorea
154046,Hungatella_hathewayi,Hungatella
1776082,Shigella_sp._SF-2015,Shigella
1038856,Planococcus_plakortidis,Planococcus
39480,[Eubacterium]_angustum,[Eubacterium]
39482,[Eubacterium]_contortum,[Eubacterium]
39485,[Eubacterium]_eligens,[Eubacterium]
39486,Dorea_formicigenerans,Dorea
39488,[Eubacterium]_hallii,[Eubacterium]
39491,[Eubacterium]_rectale,[Eubacterium]
39496,Eubacterium_ventriosum,Eubacterium
121428,Sphingobium_xenophagum,Sphingobium
219748,Clostridium_tunisiense,Clostridium
334542,Rhodococcus_qingshengii,Rhodococcus
1055487,Methylotenera_versatilis,Methylotenera
39777,Veillonella_atypica,Veillonella
351091,Oscillibacter_valericigenes,Oscillibacter
89051,Gordonia_desulfuricans,Gordonia
89053,Gordonia_amicalis,Gordonia
1235990,Candidatus_Pantoea_carbekii,Candidatus
39950,Dialister_pneumosintes,Dialister
252966,Mahella_australiensis,Mahella
187452,Pediococcus_claussenii,Pediococcus
89152,[Clostridium]_hiranonis,[Clostridium]
204038,Dickeya_dadantii,Dickeya
236814,Chryseobacterium_formosense,Chryseobacterium
40214,Acinetobacter_johnsonii,Acinetobacter
40215,Acinetobacter_junii,Acinetobacter
40216,Acinetobacter_radioresistens,Acinetobacter
253245,Owenweeksia_hongkongensis,Owenweeksia
908612,Alistipes_sp._HGB5,Alistipes
138595,Olsenella_profusa,Olsenella
105841,Anaerostipes_caccae,Anaerostipes
302449,Corynebacterium_tuscaniense,Corynebacterium
40324,Stenotrophomonas_maltophilia,Stenotrophomonas
73098,Kluyvera_georgiana,Kluyvera
1465754,Alistipes_timonensis,Alistipes
155077,Cellvibrio_japonicus,Cellvibrio
40520,Blautia_obeum,Blautia
40545,Sutterella_wadsworthensis,Sutterella
384638,[Bacteroides]_pectinophilus,[Bacteroides]
237258,Cloacibacterium_normanense,Cloacibacterium
204516,Bacteroides_massiliensis,Bacteroides
745310,Sphingomonas_sp._MM-1,Sphingomonas
172042,Rothia_aeria,Rothia
270351,Methylobacterium_aquaticum,Methylobacterium
286730,Alkaliflexus_imshenetskii,Alkaliflexus
237610,Pseudomonas_psychrotolerans,Pseudomonas
106588,Pseudoflavonifractor_capillosus,Pseudoflavonifractor
106590,Cupriavidus_necator,Cupriavidus
106649,Acinetobacter_guillouiae,Acinetobacter
106648,Acinetobacter_bereziniae,Acinetobacter
106654,Acinetobacter_nosocomialis,Acinetobacter
270498,Catabacter_hongkongensis,Catabacter
41170,Exiguobacterium_acetylicum,Exiguobacterium
41276,Brevundimonas_vesicularis,Brevundimonas
762210,Bifidobacterium_saguini,Bifidobacterium
57706,Citrobacter_braakii,Citrobacter
762212,Bifidobacterium_biavatii,Bifidobacterium
74311,Brevundimonas_bacteroides,Brevundimonas
74313,Brevundimonas_subvibrioides,Brevundimonas
1122943,Pedobacter_oryzae,Pedobacter
598660,Corynebacterium_pyruviciproducens,Corynebacterium
74426,Collinsella_aerofaciens,Collinsella
271091,Psychrilyobacter_atlanticus,Psychrilyobacter
58138,Desulfotomaculum_acetoxidans,Desulfotomaculum
58352,Kitasatospora_mediocidica,Kitasatospora
189426,Paenibacillus_odorifer,Paenibacillus
41976,Porphyromonas_catoniae,Porphyromonas
271420,Pseudomonas_xanthomarina,Pseudomonas
1041504,Candidatus_Arthromitus_sp._SFB-rat-Yit,Candidatus
206041,Flavobacterium_gelidilacus,Flavobacterium
238834,Clostridium_estertheticum,Clostridium
1484053,Mariniphaga_anaerophila,Mariniphaga
189722,Prevotella_marshii,Prevotella
189723,Prevotella_micans,Prevotella
156974,Dysgonomonas_gadei,Dysgonomonas
156978,Corynebacterium_imitans,Corynebacterium
140626,Lachnobacterium_bovis,Lachnobacterium
386414,Prevotella_timonensis,Prevotella
42422,Halobacteroides_halobius,Halobacteroides
648794,Aeromonas_rivuli,Aeromonas
206506,Kerstersia_gyiorum,Kerstersia
1042156,Clostridium_sp._SY8519,Clostridium
911092,Caldanaerobacter_subterraneus,Caldanaerobacter
304895,Catenulispora_acidiphila,Catenulispora
1288121,Alistipes_senegalensis,Alistipes
157688,Leptotrichia_hofstadii,Leptotrichia
387090,Bacteroides_coprophilus,Bacteroides
75985,Mannheimia_haemolytica,Mannheimia
59610,Desulfotomaculum_reducens,Desulfotomaculum
190721,Ralstonia_insidiosa,Ralstonia
338188,Bacteroides_finegoldii,Bacteroides
370977,Brevundimonas_aveniformis,Brevundimonas
43305,Butyrivibrio_proteoclasticus,Butyrivibrio
239935,Akkermansia_muciniphila,Akkermansia
665950,Lachnospiraceae_bacterium_3_1_46FAA,Lachnospiraceae
59733,Chryseobacterium_scophthalmum,Chryseobacterium
76123,Prevotella_enoeca,Prevotella
76122,Alloprevotella_tannerae,Alloprevotella
665956,Subdoligranulum_sp._4_3_54A2FAA,Subdoligranulum
59803,Sphingomonas_echinoides,Sphingomonas
108980,Acinetobacter_ursingii,Acinetobacter
92647,Paraburkholderia_tropica,Paraburkholderia
649724,Clostridium_sp._ATCC_BAA-442,Clostridium
649756,Anaerostipes_hadrus,Anaerostipes
551459,Chryseobacterium_piscicola,Chryseobacterium
305719,Prevotella_baroniae,Prevotella
387661,Parabacteroides_johnsonii,Parabacteroides
469610,Burkholderiales_bacterium_1_1_47,Burkholderiales
649841,Sulfuricella_denitrificans,Sulfuricella
43675,Rothia_mucilaginosa,Rothia
223967,Methylobacterium_populi,Methylobacterium
60133,Prevotella_pallens,Prevotella
43767,Rhodococcus_equi,Rhodococcus
43768,Corynebacterium_matruchotii,Corynebacterium
43770,Corynebacterium_striatum,Corynebacterium
273168,Novosphingobium_naphthalenivorans,Novosphingobium
1223514,Corynebacterium_humireducens,Corynebacterium
633701,Prevotella_saccharolytica,Prevotella
43948,Tolumonas_auensis,Tolumonas
43995,Johnsonella_ignava,Johnsonella
43997,Catonella_morbi,Catonella
44009,Enterococcus_dispar,Enterococcus
93218,Pandoraea_apista,Pandoraea
76853,Solibacillus_silvestris,Solibacillus
76860,Streptococcus_constellatus,Streptococcus
191579,Fluviicola_taffensis,Fluviicola
732242,Bacteroides_paurosaccharolyticus,Bacteroides
76891,Asticcacaulis_biprosthecium,Asticcacaulis
158836,Enterobacter_hormaechei,Enterobacter
191610,Corynebacterium_atypicum,Corynebacterium
273528,Exiguobacterium_marinum,Exiguobacterium
863372,Herbaspirillum_huttiense,Herbaspirillum
158898,Gordonia_westfalica,Gordonia
421058,Chryseobacterium_oranimense,Chryseobacterium
44251,Paenibacillus_durus,Paenibacillus
44255,Bradyrhizobium_oligotrophicum,Bradyrhizobium
290052,Acetivibrio_ethanolgignens,Acetivibrio
748811,Sulfuritalea_hydrogenivorans,Sulfuritalea
290053,Bacteroides_helcogenes,Bacteroides
77095,Prevotella_bryantii,Prevotella
208226,Alkaliphilus_metalliredigens,Alkaliphilus
28025,Bifidobacterium_animalis,Bifidobacterium
28026,Bifidobacterium_pseudocatenulatum,Bifidobacterium
28037,Streptococcus_mitis,Streptococcus
863643,Thermincola_potens,Thermincola
28090,Acinetobacter_lwoffii,Acinetobacter
28111,Bacteroides_eggerthii,Bacteroides
28112,Tannerella_forsythia,Tannerella
28116,Bacteroides_ovatus,Bacteroides
28117,Alistipes_putredinis,Alistipes
28118,Odoribacter_splanchnicus,Odoribacter
28123,Porphyromonas_asaccharolytica,Porphyromonas
28124,Porphyromonas_endodontalis,Porphyromonas
28125,Prevotella_bivia,Prevotella
28126,Prevotella_buccae,Prevotella
28129,Prevotella_denticola,Prevotella
28130,Prevotella_disiens,Prevotella
28131,Prevotella_intermedia,Prevotella
28132,Prevotella_melaninogenica,Prevotella
28133,Prevotella_nigrescens,Prevotella
28134,Prevotella_oralis,Prevotella
28135,Prevotella_oris,Prevotella
28136,Prevotella_oulorum,Prevotella
28137,Prevotella_veroralis,Prevotella
28139,Rikenella_microfusus,Rikenella
454154,Paraprevotella_clara,Paraprevotella
454155,Paraprevotella_xylaniphila,Paraprevotella
470565,Prevotella_histicola,Prevotella
28212,Sphingomonas_adhaesiva,Sphingomonas
28213,Sphingomonas_parapaucimobilis,Sphingomonas
290399,Arthrobacter_sp._FB24,Arthrobacter
208479,[Clostridium]_bolteae,[Clostridium]
437897,Megamonas_funiformis,Megamonas
1355477,Bradyrhizobium_diazoefficiens,Bradyrhizobium
487174,Barnesiella_intestinihominis,Barnesiella
487173,Dialister_succinatiphilus,Dialister
28446,[Clostridium]_propionicum,[Clostridium]
28450,Burkholderia_pseudomallei,Burkholderia
77635,Bifidobacterium_subtile,Bifidobacterium
487316,Acinetobacter_soli,Acinetobacter
339862,Desulfosporosinus_youngiae,Desulfosporosinus
257984,Glutamicibacter_mysorens,Glutamicibacter
225324,Enhydrobacter_aerosaccus,Enhydrobacter
471189,Gordonibacter_pamelaeae,Gordonibacter
61624,Paenibacillus_mucilaginosus,Paenibacillus
45254,Dysgonomonas_capnocytophagoides,Dysgonomonas
28901,Salmonella_enterica,Salmonella
487698,Stenotrophomonas_pavanii,Stenotrophomonas
291112,Photorhabdus_asymbiotica,Photorhabdus
1126833,Paenibacillus_beijingensis,Paenibacillus
111015,Actinomyces_radicidentis,Actinomyces
78259,Scardovia_inopinata,Scardovia
78258,Parascardovia_denticolens,Parascardovia
324057,Paenibacillus_sp._JDR-2,Paenibacillus
160386,Corynebacterium_casei,Corynebacterium
29341,Clostridium_argentinense,Clostridium
504487,Jejuia_pallidilutea,Jejuia
29346,[Clostridium]_paradoxum,[Clostridium]
29347,[Clostridium]_scindens,[Clostridium]
29348,[Clostridium]_spiroforme,[Clostridium]
29354,[Clostridium]_celerecrescens,[Clostridium]
29360,Cellulosilyticum_lentocellum,Cellulosilyticum
29361,Tyzzerella_nexilis,Tyzzerella
29367,Clostridium_puniceum,Clostridium
225991,Comamonas_aquatica,Comamonas
225992,Comamonas_kerstersii,Comamonas
29430,Acinetobacter_haemolyticus,Acinetobacter
78587,Asticcacaulis_excentricus,Asticcacaulis
29448,Bradyrhizobium_elkanii,Bradyrhizobium
45851,Butyrivibrio_crossotus,Butyrivibrio
29488,Photorhabdus_luminescens,Photorhabdus
291644,Bacteroides_salyersiae,Bacteroides
570161,Marinifilum_fragile,Marinifilum
291645,Bacteroides_nordii,Bacteroides
29533,Flavobacterium_pectinovorum,Flavobacterium
29536,Flavobacterium_succinicans,Flavobacterium
62322,Shewanella_baltica,Shewanella
29581,Janthinobacterium_lividum,Janthinobacterium
357276,Bacteroides_dorei,Bacteroides
488447,Burkholderia_contaminans,Burkholderia
242750,Prevotella_bergensis,Prevotella
1586267,Apibacter_mensalis,Apibacter
46206,Pseudobutyrivibrio_ruminis,Pseudobutyrivibrio
291990,Thermosediminibacter_oceani,Thermosediminibacter
46228,Ruminococcus_lactaris,Ruminococcus
341220,Lactonifactor_longoviformis,Lactonifactor
341225,[Clostridium]_saccharogumia,[Clostridium]
13689,Sphingomonas_paucimobilis,Sphingomonas
13690,Sphingobium_yanoikuyae,Sphingobium
652716,Prevotella_sp._oral_taxon_299,Prevotella
46503,Parabacteroides_merdae,Parabacteroides
46506,Bacteroides_stercoris,Bacteroides
259537,Dechloromonas_aromatica,Dechloromonas
882211,Pseudomonas_deceptionensis,Pseudomonas
161360,Planococcus_antarcticus,Planococcus
341694,Peptostreptococcus_stomatis,Peptostreptococcus
177972,Shuttleworthia_satelles,Shuttleworthia
358220,Acidovorax_sp._KKS102,Acidovorax
1144673,Acinetobacter_sp._CIP_64.7,Acinetobacter
587753,Pseudomonas_chlororaphis,Pseudomonas
79885,Bacillus_pseudofirmus,Bacillus
161879,Corynebacterium_kroppenstedtii,Corynebacterium
161896,Corynebacterium_camporealensis,Corynebacterium
63612,Sodalis_glossinidius,Sodalis
47246,[Clostridium]_viride,[Clostridium]
243924,Pseudomonas_lutea,Pseudomonas
63745,Sideroxydans_lithotrophicus,Sideroxydans
194867,Sphingomonas_sp._ATCC_31555,Sphingomonas
1603886,Bifidobacterium_lemurum,Bifidobacterium
555313,Phocaeicola_abscessus,Phocaeicola
358743,[Clostridium]_citroniae,[Clostridium]
407975,Prevotella_pleuritidis,Prevotella
47671,Lautropia_mirabilis,Lautropia
47678,Bacteroides_caccae,Bacteroides
47679,Sporomusa_sphaeroides,Sporomusa
457412,Ruminococcus_sp._5_1_39BFAA,Ruminococcus
457421,Clostridiales_bacterium_1_7_47FAA,Clostridiales
47877,Pseudomonas_amygdali,Pseudomonas
47879,Pseudomonas_corrugata,Pseudomonas
47880,Pseudomonas_fulva,Pseudomonas
47884,Pseudomonas_taetrolens,Pseudomonas
47885,Pseudomonas_oryzihabitans,Pseudomonas
457502,Polaromonas_jejuensis,Polaromonas
80866,Delftia_acidovorans,Delftia
97253,Eubacterium_plexicaudatum,Eubacterium
359408,Methylotenera_mobilis,Methylotenera
310300,Bacteroides_pyogenes,Bacteroides
310297,Bacteroides_plebeius,Bacteroides
310298,Bacteroides_coprocola,Bacteroides
1391653,Vulgatibacter_incomptus,Vulgatibacter
588932,Brevundimonas_naejangsanensis,Brevundimonas
31909,Halothermothrix_orenii,Halothermothrix
48296,Acinetobacter_pittii,Acinetobacter
261299,Intestinibacter_bartlettii,Intestinibacter
261302,Paraburkholderia_phytofirmans,Paraburkholderia
392413,Deinococcus_misasensis,Deinococcus
310514,Prevotella_multisaccharivorax,Prevotella
228603,Prevotella_shahii,Prevotella
31998,Methylobacterium_radiotolerans,Methylobacterium
228604,Prevotella_salivae,Prevotella
32013,Comamonas_terrigena,Comamonas
195907,Gillisia_limnaea,Gillisia
179628,Clostridium_colicanis,Clostridium
146939,Azospira_oryzae,Azospira
327160,Candidatus_Accumulibacter_phosphatis,Candidatus
81408,Parageobacillus_caldoxylosilyticus,Parageobacillus
65058,Corynebacterium_ulcerans,Corynebacterium
81475,Frateuria_aurantia,Frateuria
589436,Prevotella_fusca,Prevotella
589437,Prevotella_scopos,Prevotella
638619,Bifidobacterium_actinocoloniiforme,Bifidobacterium
589537,Prevotella_dentasini,Prevotella
147206,Collinsella_stercoris,Collinsella
147207,Collinsella_intestinalis,Collinsella
48935,Novosphingobium_aromaticivorans,Novosphingobium
48936,Novosphingobium_subterraneum,Novosphingobium
294710,Proteiniphilum_acetatigenes,Proteiniphilum
163665,Dysgonomonas_mossii,Dysgonomonas
114615,Bradyrhizobium_sp._ORS_278,Bradyrhizobium
884684,Mageeibacillus_indolicus,Mageeibacillus
1097668,Burkholderia_sp._YI23,Burkholderia
376805,Bacteroides_salanitronis,Bacteroides
192,Azospirillum_brasilense,Azospirillum
193,Azospirillum_lipoferum,Azospirillum
266,Paracoccus_denitrificans,Paracoccus
33052,Sphingopyxis_terrae,Sphingopyxis
358,Agrobacterium_tumefaciens,Agrobacterium
381,Mesorhizobium_loti,Mesorhizobium
382,Sinorhizobium_meliloti,Sinorhizobium
405,Methylobacillus_flagellatus,Methylobacillus
82367,Paracoccus_pantotrophus,Paracoccus
478,Moraxella_nonliquefaciens,Moraxella
480,Moraxella_catarrhalis,Moraxella
529,Ochrobactrum_anthropi,Ochrobactrum
542,Zymomonas_mobilis,Zymomonas
508460,Cloacibacillus_evryensis,Cloacibacillus
66229,Komagataeibacter_intermedius,Komagataeibacter
754477,Methylophaga_frappieri,Methylophaga
885581,Desulfosporosinus_acidiphilus,Desulfosporosinus
853,Faecalibacterium_prausnitzii,Faecalibacterium
901,Desulfovibrio_piger,Desulfovibrio
1063,Rhodobacter_sphaeroides,Rhodobacter
33883,Microbacterium_arborescens,Microbacterium
33959,Lactobacillus_johnsonii,Lactobacillus
33996,Gluconacetobacter_diazotrophicus,Gluconacetobacter
1231,Nitrosospira_multiformis,Nitrosospira
34003,Paracoccus_aminophilus,Paracoccus
1265,Ruminococcus_flavefaciens,Ruminococcus
34038,Rahnella_aquatilis,Rahnella
1276,Kytococcus_sedentarius,Kytococcus
66821,Sulfurospirillum_multivorans,Sulfurospirillum
1302,Streptococcus_gordonii,Streptococcus
1305,Streptococcus_sanguinis,Streptococcus
1307,Streptococcus_suis,Streptococcus
1308,Streptococcus_thermophilus,Streptococcus
1309,Streptococcus_mutans,Streptococcus
1333,Streptococcus_criceti,Streptococcus
1338,Streptococcus_intermedius,Streptococcus
83263,Aminobacter_aminovorans,Aminobacter
1351,Enterococcus_faecalis,Enterococcus
1352,Enterococcus_faecium,Enterococcus
1354,Enterococcus_hirae,Enterococcus
1358,Lactococcus_lactis,Lactococcus
1363,Lactococcus_garvieae,Lactococcus
1364,Lactococcus_piscium,Lactococcus
1398,Bacillus_coagulans,Bacillus
1501,Clostridium_pasteurianum,Clostridium
1510,[Clostridium]_stercorarium,[Clostridium]
1521,[Clostridium]_cellulolyticum,[Clostridium]
1565,Desulfotomaculum_nigrificans,Desulfotomaculum
1579,Lactobacillus_acidophilus,Lactobacillus
1580,Lactobacillus_brevis,Lactobacillus
1582,Lactobacillus_casei,Lactobacillus
1584,Lactobacillus_delbrueckii,Lactobacillus
1596,Lactobacillus_gasseri,Lactobacillus
1598,Lactobacillus_reuteri,Lactobacillus
1599,Lactobacillus_sakei,Lactobacillus
1613,Lactobacillus_fermentum,Lactobacillus
1624,Lactobacillus_salivarius,Lactobacillus
1639,Listeria_monocytogenes,Listeria
1725,Corynebacterium_xerosis,Corynebacterium
1829,Rhodococcus_rhodochrous,Rhodococcus
214853,Anaerofustis_stercorihominis,Anaerofustis
1427356,Hyphomicrobium_nitrativorans,Hyphomicrobium
2033,Microbacterium_testaceum,Microbacterium
395387,Curtobacterium_ammoniigenes,Curtobacterium
133453,Caldilinea_aerophila,Caldilinea
51669,Tetragenococcus_halophilus,Tetragenococcus
330214,Nitrospira_defluvii,Nitrospira
2734,Symbiobacterium_thermophilum,Symbiobacterium
2736,Verrucomicrobium_spinosum,Verrucomicrobium
2751,Carnobacterium_maltaromaticum,Carnobacterium
35701,Heliobacterium_modesticaldum,Heliobacterium
314275,Alteromonas_mediterranea,Alteromonas
199592,Microbacterium_paraoxydans,Microbacterium
68892,Streptococcus_infantis,Streptococcus
68909,Deinococcus_geothermalis,Deinococcus
314722,Pseudoxanthomonas_suwonensis,Pseudoxanthomonas
134537,Paraburkholderia_fungorum,Paraburkholderia
102134,Desulfotomaculum_gibsoniae,Desulfotomaculum
266123,Castellaniella_caeni,Castellaniella
36808,Corynebacterium_bovis,Corynebacterium
36821,Gordonia_amarae,Gordonia
36861,Thiobacillus_denitrificans,Thiobacillus
315405,Streptococcus_gallolyticus,Streptococcus
692370,Altererythrobacter_dongtanensis,Altererythrobacter
53412,Pseudomonas_resinovorans,Pseudomonas
102684,Streptococcus_infantarius,Streptococcus
332249,Truepera_radiovictrix,Truepera
447217,Anaeromyxobacter_sp._K,Anaeromyxobacter
365349,Pelosinus_fermentans,Pelosinus
37734,Enterococcus_casseliflavus,Enterococcus
349106,Psychrobacter_sp._PRwf-1,Psychrobacter
300028,Rhodococcus_triatomae,Rhodococcus
37916,Mycobacterium_chlorophenolicum,Mycobacterium
529705,Sphingomonas_changbaiensis,Sphingomonas
103816,Rhodococcus_pyridinivorans,Rhodococcus
38286,Corynebacterium_afermentans,Corynebacterium
38289,Corynebacterium_jeikeium,Corynebacterium
38301,Corynebacterium_minutissimum,Corynebacterium
38310,Rhodococcus_coprophilus,Rhodococcus
267818,Lactobacillus_kefiranofaciens,Lactobacillus
55148,Deinococcus_proteolyticus,Deinococcus
104336,Microbacterium_foliorum,Microbacterium
121039,Ferrimicrobium_acidiphilum,Ferrimicrobium
55583,Dehalobacter_restrictus,Dehalobacter
137730,Facklamia_ignava,Facklamia
88688,Caulobacter_segnis,Caulobacter
334543,Psychrobacter_arcticus,Psychrobacter
39791,Corynebacterium_glucuronolyticum,Corynebacterium
203699,Derxia_gummosa,Derxia
318683,Gluconobacter_albidus,Gluconobacter
531813,Pelagibacterium_halotolerans,Pelagibacterium
400772,Microbacterium_ginsengisoli,Microbacterium
499229,Tepidanaerobacter_acetatoxydans,Tepidanaerobacter
1121830,Fodinicurvata_fenggangensis,Fodinicurvata
40681,Sphingomonas_asaccharolytica,Sphingomonas
40682,Sphingomonas_mali,Sphingomonas
40683,Sphingomonas_pruni,Sphingomonas
90241,Moraxella_lincolnii,Moraxella
57666,Sulfurospirillum_arcachonense,Sulfurospirillum
74319,Hyphomonas_polymorpha,Hyphomonas
90730,Desulfosarcina_cetonica,Desulfosarcina
1123067,Rubellimicrobium_mesophilum,Rubellimicrobium
1156433,Streptococcus_sp._I-P16,Streptococcus
665118,Devosia_enhydra,Devosia
304901,Actinospica_robiniae,Actinospica
272239,Pseudoclavibacter_bifida,Pseudoclavibacter
59310,Streptococcus_macedonicus,Streptococcus
452623,Pseudoclavibacter_soli,Pseudoclavibacter
157838,Bacillus_shackletonii,Bacillus
223392,Rhodococcus_gordoniae,Rhodococcus
288965,[Clostridium]_clariflavum,[Clostridium]
43263,Pseudomonas_alcaligenes,Pseudomonas
600645,Aeromonas_piscicola,Aeromonas
469614,Erysipelotrichaceae_bacterium_6_1_45,Erysipelotrichaceae
256701,Glutamicibacter_arilaitensis,Glutamicibacter
240427,Lactobacillus_paracollinoides,Lactobacillus
76636,Mycetocola_saprophilus,Mycetocola
93064,Sphingomonas_koreensis,Sphingomonas
404589,Anaeromyxobacter_sp._Fw109-5,Anaeromyxobacter
44250,Paenibacillus_alvei,Paenibacillus
109790,Lactobacillus_jensenii,Lactobacillus
519472,Vagococcus_teuberi,Vagococcus
536018,Mesorhizobium_australicum,Mesorhizobium
454171,Chthonomonas_calidirosea,Chthonomonas
28447,Clavibacter_michiganensis,Clavibacter
94009,Thermicanus_aegyptius,Thermicanus
94254,Dyadobacter_fermentans,Dyadobacter
29362,[Clostridium]_papyrosolvens,[Clostridium]
29385,Staphylococcus_saprophyticus,Staphylococcus
29449,Rhizobium_etli,Rhizobium
717609,Caldicellulosiruptor_obsidiansis,Caldicellulosiruptor
160791,Sphingomonas_wittichii,Sphingomonas
160799,Paenibacillus_borealis,Paenibacillus
1078480,Haemophilus_sputorum,Haemophilus
79263,Paenibacillus_chitinolyticus,Paenibacillus
407019,Sphingomonas_astaxanthinifaciens,Sphingomonas
210512,Sandarakinorhabdus_limnophila,Sandarakinorhabdus
702113,Novosphingobium_sp._PP1Y,Novosphingobium
79880,Bacillus_clausii,Bacillus
79883,Bacillus_horikoshii,Bacillus
571800,Psychrobacter_sp._G,Psychrobacter
113107,Streptococcus_australis,Streptococcus
162426,Microbacterium_hominis,Microbacterium
47770,Lactobacillus_crispatus,Lactobacillus
1079994,Leucobacter_chromiiresistens,Leucobacter
293890,Agromyces_subbeticus,Agromyces
97478,Lactobacillus_mucosae,Lactobacillus
392409,Sphingomonas_jaspsi,Sphingomonas
81467,Aminobacterium_mobile,Aminobacterium
376733,Paracoccus_halophilus,Paracoccus
311230,Paraburkholderia_terrae,Paraburkholderia
81857,Lactobacillus_selangorensis,Lactobacillus
9,Buchnera_aphidicola,Buchnera
65553,Sulfurospirillum_deleyianum,Sulfurospirillum
19,Pelobacter_carbinolicus,Pelobacter
56,Sorangium_cellulosum,Sorangium
103,Flectobacillus_major,Flectobacillus
119,Rubinisphaera_brasiliensis,Rubinisphaera
158,Treponema_denticola,Treponema
167,Treponema_succinifaciens,Treponema
229549,Streptococcus_minor,Streptococcus
183,Leptonema_illini,Leptonema
199,Campylobacter_concisus,Campylobacter
204,Campylobacter_showae,Campylobacter
210,Helicobacter_pylori,Helicobacter
33010,Cutibacterium_avidum,Cutibacterium
245,Flavobacterium_aquatile,Flavobacterium
249,Terrimonas_ferruginea,Terrimonas
256,Myroides_odoratus,Myroides
33029,Anaerococcus_hydrogenalis,Anaerococcus
33030,Peptoniphilus_indolicus,Peptoniphilus
33031,Peptoniphilus_lacrimalis,Peptoniphilus
33032,Anaerococcus_lactolyticus,Anaerococcus
33034,Anaerococcus_prevotii,Anaerococcus
33036,Anaerococcus_tetradius,Anaerococcus
33037,Anaerococcus_vaginalis,Anaerococcus
33059,Acidithiobacillus_caldus,Acidithiobacillus
33072,Gloeobacter_violaceus,Gloeobacter
33075,Acidobacterium_capsulatum,Acidobacterium
339,Xanthomonas_campestris,Xanthomonas
347,Xanthomonas_oryzae,Xanthomonas
491921,Megamonas_rupellensis,Megamonas
421,Methylomonas_methanica,Methylomonas
426421,Sediminibacterium_salmoneum,Sediminibacterium
449,Legionella_hackeliae,Legionella
453,Legionella_feeleii,Legionella
483,Neisseria_cinerea,Neisseria
486,Neisseria_lactamica,Neisseria
487,Neisseria_meningitidis,Neisseria
495,Neisseria_elongata,Neisseria
496,Neisseria_macacae,Neisseria
500,Thermomicrobium_roseum,Thermomicrobium
539,Eikenella_corrodens,Eikenella
164393,Lactobacillus_fuchuensis,Lactobacillus
983706,Bifidobacterium_reuteri,Bifidobacterium
669,Vibrio_harveyi,Vibrio
674,Vibrio_mimicus,Vibrio
66228,Actinomyces_europaeus,Actinomyces
714,Aggregatibacter_actinomycetemcomitans,Aggregatibacter
726,Haemophilus_haemolyticus,Haemophilus
729,Haemophilus_parainfluenzae,Haemophilus
732,Aggregatibacter_aphrophilus,Aggregatibacter
736,Haemophilus_paraphrohaemolyticus,Haemophilus
739,Aggregatibacter_segnis,Aggregatibacter
754476,Methylophaga_nitratireducenticrescens,Methylophaga
824,Campylobacter_gracilis,Campylobacter
827,Campylobacter_ureolyticus,Campylobacter
831,Butyrivibrio_fibrisolvens,Butyrivibrio
833,Fibrobacter_succinogenes,Fibrobacter
863,Syntrophomonas_wolfei,Syntrophomonas
876,Desulfovibrio_desulfuricans,Desulfovibrio
879,Desulfovibrio_gigas,Desulfovibrio
881,Desulfovibrio_vulgaris,Desulfovibrio
891,Desulfuromonas_acetoxidans,Desulfuromonas
894,Desulfobulbus_propionicus,Desulfobulbus
897,Desulfococcus_multivorans,Desulfococcus
899,Desulfomicrobium_baculatum,Desulfomicrobium
905,Acidaminococcus_fermentans,Acidaminococcus
915,Nitrosomonas_europaea,Nitrosomonas
931,Thiobacillus_thioparus,Thiobacillus
959,Bdellovibrio_bacteriovorus,Bdellovibrio
989,Marinilabilia_salmonicolor,Marinilabilia
1006,Marivirga_tractuosa,Marivirga
1017,Capnocytophaga_gingivalis,Capnocytophaga
1018,Capnocytophaga_ochracea,Capnocytophaga
33871,Coriobacterium_glomerans,Coriobacterium
33905,Bifidobacterium_thermophilum,Bifidobacterium
33910,Amycolatopsis_mediterranei,Amycolatopsis
33932,Bacillus_cohnii,Bacillus
33954,Clostridium_magnum,Clostridium
33968,Leuconostoc_pseudomesenteroides,Leuconostoc
34004,Paracoccus_aminovorans,Paracoccus
1249,Weissella_paramesenteroides,Weissella
1251,Leuconostoc_fallax,Leuconostoc
165096,Weissella_koreensis,Weissella
1261,Peptostreptococcus_anaerobius,Peptostreptococcus
1264,Ruminococcus_albus,Ruminococcus
1299,Deinococcus_radiodurans,Deinococcus
1323,Faecalicoccus_pleomorphus,Faecalicoccus
1335,Streptococcus_equinus,Streptococcus
1341,Streptococcus_ratti,Streptococcus
591197,Ignavibacterium_album,Ignavibacterium
1376,Aerococcus_urinae,Aerococcus
1377,Aerococcus_viridans,Aerococcus
1382,Atopobium_parvulum,Atopobium
1383,Atopobium_rimae,Atopobium
1401,Paenibacillus_lautus,Paenibacillus
1409,Bacillus_sp.,Bacillus
1455,Bacillus_badius,Bacillus
1462,Geobacillus_kaustophilus,Geobacillus
1464,Paenibacillus_larvae,Paenibacillus
1472,Paenibacillus_pabuli,Paenibacillus
1482,Virgibacillus_halodenitrificans,Virgibacillus
1495,Clostridium_cylindrosporum,Clostridium
1503,[Clostridium]_purinilyticum,[Clostridium]
1504,Clostridium_septicum,Clostridium
1519,Clostridium_tyrobutyricum,Clostridium
755172,Peptoniphilus_coxii,Peptoniphilus
1525,Moorella_thermoacetica,Moorella
1535,[Clostridium]_leptum,[Clostridium]
1549,[Clostridium]_sporosphaeroides,[Clostridium]
1583,Weissella_confusa,Weissella
1587,Lactobacillus_helveticus,Lactobacillus
1588,Lactobacillus_hilgardii,Lactobacillus
1589,Lactobacillus_pentosus,Lactobacillus
1597,Lactobacillus_paracasei,Lactobacillus
1600,Lactobacillus_acetotolerans,Lactobacillus
1601,Lactobacillus_agilis,Lactobacillus
1606,Lactobacillus_aviarius,Lactobacillus
1610,Lactobacillus_coryniformis,Lactobacillus
1614,Lactobacillus_fructivorans,Lactobacillus
1616,Weissella_kandleri,Weissella
1620,Weissella_minor,Weissella
525917,Thiothrix_lacustris,Thiothrix
1622,Lactobacillus_murinus,Lactobacillus
1623,Lactobacillus_ruminis,Lactobacillus
1629,Weissella_viridescens,Weissella
1631,Fructobacillus_fructosus,Fructobacillus
1633,Lactobacillus_vaginalis,Lactobacillus
1646,Renibacterium_salmoninarum,Renibacterium
1655,Actinomyces_naeslundii,Actinomyces
1659,Actinomyces_israelii,Actinomyces
1660,Actinomyces_odontolyticus,Actinomyces
1665,Arthrobacter_globiformis,Arthrobacter
231053,Saccharibacter_floricola,Saccharibacter
1681,Bifidobacterium_bifidum,Bifidobacterium
1684,Bifidobacterium_asteroides,Bifidobacterium
1685,Bifidobacterium_breve,Bifidobacterium
1686,Bifidobacterium_catenulatum,Bifidobacterium
1687,Bifidobacterium_coryneforme,Bifidobacterium
1688,Bifidobacterium_cuniculi,Bifidobacterium
1692,Bifidobacterium_magnum,Bifidobacterium
1693,Bifidobacterium_minimum,Bifidobacterium
198312,Porphyrobacter_sanguineus,Porphyrobacter
1748,Acidipropionibacterium_acidipropionici,Acidipropionibacterium
1750,Pseudopropionibacterium_propionicum,Pseudopropionibacterium
1843,Nocardioides_jensenii,Nocardioides
1861,Geodermatophilus_obscurus,Geodermatophilus
264027,Algoriphagus_marincola,Algoriphagus
1888,Streptomyces_albus,Streptomyces
427918,Nitriliruptor_alkaliphilus,Nitriliruptor
1963,Streptomyces_olivochromogenes,Streptomyces
2041,Aeromicrobium_erythreum,Aeromicrobium
2045,Pimelobacter_simplex,Pimelobacter
2051,Mobiluncus_curtisii,Mobiluncus
2052,Mobiluncus_mulieris,Mobiluncus
2057,Sphaerobacter_thermophilus,Sphaerobacter
231447,Desulfobulbus_japonicus,Desulfobulbus
591962,Aeromonas_fluvialis,Aeromonas
2145,Spiroplasma_taiwanense,Spiroplasma
2296,Desulfobacterium_autotrophicum,Desulfobacterium
264463,Anaerosporobacter_mobilis,Anaerosporobacter
2350,Haliscomenobacter_hydrossis,Haliscomenobacter
2358,Desulfomonile_tiedjei,Desulfomonile
2374,Acetonema_longum,Acetonema
264641,Desulfitibacter_alkalitolerans,Desulfitibacter
264697,Bacillus_muralis,Bacillus
100886,Catenibacterium_mitsuokai,Catenibacterium
166485,Caminicella_sporogenes,Caminicella
166501,Thermobaculum_terrenum,Thermobaculum
658062,Candidatus_Koribacter_versatilis,Candidatus
395922,Coraliomargarita_akajimensis,Coraliomargarita
2718,Cardiobacterium_hominis,Cardiobacterium
2724,Hirschia_baltica,Hirschia
2748,Carnobacterium_divergens,Carnobacterium
35518,[Eubacterium]_nodatum,[Eubacterium]
35519,Mogibacterium_timidum,Mogibacterium
35554,Geobacter_sulfurreducens,Geobacter
363265,Prevotella_stercorea,Prevotella
363277,Ktedonobacter_racemifer,Ktedonobacter
35623,Acholeplasma_oculi,Acholeplasma
35751,Sporichthya_polymorpha,Sporichthya
35833,Bilophila_wadsworthia,Bilophila
35839,Holophaga_foetida,Holophaga
658659,Erysipelotrichaceae_bacterium_3_1_53,Erysipelotrichaceae
658657,Erysipelotrichaceae_bacterium_21_3,Erysipelotrichaceae
363832,Solirubrobacter_soli,Solirubrobacter
233055,Desulfitobacterium_dichloroeliminans,Desulfitobacterium
134849,Cryptosporangium_aurantiacum,Cryptosporangium
102148,Solobacterium_moorei,Solobacterium
36740,Dermabacter_hominis,Dermabacter
266128,Stenotrophomonas_koreensis,Stenotrophomonas
135082,Selenomonas_infelix,Selenomonas
135083,Selenomonas_noxia,Selenomonas
397278,Marmoricola_aequoreus,Marmoricola
36847,[Clostridium]_neopropionicum,[Clostridium]
36849,Oxobacter_pfennigii,Oxobacter
167964,Anaerolinea_thermophila,Anaerolinea
69710,Treponema_vincentii,Treponema
626937,Christensenella_minuta,Christensenella
626938,Succinatimonas_hippei,Succinatimonas
332095,Dethiosulfatibacter_aminovorans,Dethiosulfatibacter
332163,Candidatus_Solibacter_usitatus,Candidatus
37372,Helicobacter_bilis,Helicobacter
299567,Adhaeribacter_aquaticus,Adhaeribacter
398037,Segetibacter_koreensis,Segetibacter
37637,Corynebacterium_pseudodiphtheriticum,Corynebacterium
365489,Dyadobacter_beijingensis,Dyadobacter
37923,Kocuria_kristinae,Kocuria
70856,Aeromonas_popoffii,Aeromonas
398555,Lactobacillus_composti,Lactobacillus
38293,Photobacterium_damselae,Photobacterium
38304,Corynebacterium_tuberculostearicum,Corynebacterium
38308,Gluconobacter_frateurii,Gluconobacter
1316444,Blattabacterium_sp._(Nauphoeta_cinerea),Blattabacterium
38875,Bacillus_oleronius,Bacillus
202747,Sulfurimonas_autotrophica,Sulfurimonas
366602,Caulobacter_sp._K31,Caulobacter
38986,Acholeplasma_palmae,Acholeplasma
72000,Kocuria_rhizophila,Kocuria
137591,Weissella_cibaria,Weissella
498055,Arenimonas_oryziterrae,Arenimonas
137732,Granulicatella_elegans,Granulicatella
39483,Faecalitalea_cylindroides,Faecalitalea
39484,Butyricicoccus_desmolans,Butyricicoccus
39487,Atopobium_fossor,Atopobium
39490,Eubacterium_ramulus,Eubacterium
39492,[Eubacterium]_siraeum,[Eubacterium]
39497,Eubacterium_xylanophilum,Eubacterium
39498,[Eubacterium]_yurii,[Eubacterium]
203471,Tepidiphilus_margaritifer,Tepidiphilus
400092,Pontibacter_korlensis,Pontibacter
105229,Bacillus_fumarioli,Bacillus
465721,Steroidobacter_denitrificans,Steroidobacter
39766,Sulfurimonas_denitrificans,Sulfurimonas
39778,Veillonella_dispar,Veillonella
269261,Nitratifractor_salsuginis,Nitratifractor
1579979,Wenzhouxiangella_marina,Wenzhouxiangella
1121298,Clostridium_amylolyticum,Clostridium
40091,Helcococcus_kunzii,Helcococcus
466153,Singulisphaera_acidiphila,Singulisphaera
1416614,Gloeobacter_kilaueensis,Gloeobacter
433660,Nocardioides_halotolerans,Nocardioides
171523,Lactobacillus_pantheris,Lactobacillus
40519,Ruminococcus_callidus,Ruminococcus
40542,Leptotrichia_buccalis,Leptotrichia
40543,Sneathia_sanguinegens,Sneathia
171674,Inquilinus_limosus,Inquilinus
237446,Lactobacillus_kitasatonis,Lactobacillus
467094,Ilumatobacter_coccineus,Ilumatobacter
270496,Desulfovibrio_putealis,Desulfovibrio
73919,Thermaerobacter_marianensis,Thermaerobacter
467210,Lachnoanaerobaculum_saburreum,Lachnoanaerobaculum
762211,Bifidobacterium_stellenboschense,Bifidobacterium
762209,Bifidobacterium_callitrichos,Bifidobacterium
336261,Thermovirga_lienii,Thermovirga
238015,Lactobacillus_vini,Lactobacillus
238012,Lactobacillus_tucceti,Lactobacillus
336989,Pontibacter_roseus,Pontibacter
42256,Rubrobacter_radiotolerans,Rubrobacter
173362,Brachybacterium_paraconglomeratum,Brachybacterium
173480,Gemmatimonas_aurantiaca,Gemmatimonas
42565,Halomonas_salina,Halomonas
1124188,Flavobacterium_fontis,Flavobacterium
927669,Pseudanabaena_biceps,Pseudanabaena
1124597,Magnetococcus_marinus,Magnetococcus
993692,Lactobacillus_kimchiensis,Lactobacillus
207340,Roseomonas_mucosa,Roseomonas
633415,Aeromonas_sanarellii,Aeromonas
174709,Allobaculum_stercoricanis,Allobaculum
76517,Campylobacter_hominis,Campylobacter
43769,Corynebacterium_propinquum,Corynebacterium
502558,Eggerthella_sp._YY7918,Eggerthella
240495,Pseudonocardia_dioxanivorans,Pseudonocardia
371601,Bacteroides_xylanisolvens,Bacteroides
273376,Sphaerochaeta_coccoides,Sphaerochaeta
44008,Enterococcus_cecorum,Enterococcus
666685,Rhodanobacter_denitrificans,Rhodanobacter
44256,Caldanaerobius_polysaccharolyticus,Caldanaerobius
503170,Salisaeta_longa,Salisaeta
404900,Geminicoccus_roseus,Geminicoccus
44575,Nitrosomonas_cryotolerans,Nitrosomonas
175696,Thermaerobacter_subterraneus,Thermaerobacter
208480,Actinomyces_nasicola,Actinomyces
44676,Geothrix_fermentans,Geothrix
437898,Sutterella_parvirubra,Sutterella
44742,Desulfovibrio_fairfieldensis,Desulfovibrio
44749,Sporobacter_termitidis,Sporobacter
307126,Lactobacillus_apodemi,Lactobacillus
143361,Filifactor_alocis,Filifactor
45067,Legionella_lansingensis,Legionella
45076,Legionella_worsleiensis,Legionella
143393,[Eubacterium]_sulci,[Eubacterium]
340095,Thermodesulfovibrio_thiophilus,Thermodesulfovibrio
45242,Capnocytophaga_granulosa,Capnocytophaga
78120,Succinispira_mobilis,Succinispira
45462,Brevibacillus_borstelensis,Brevibacillus
471511,Bifidobacterium_bombi,Bifidobacterium
78342,Bifidobacterium_gallicum,Bifidobacterium
78345,Bifidobacterium_merycicum,Bifidobacterium
78344,Bifidobacterium_gallinarum,Bifidobacterium
45663,Desulfohalobium_retbaense,Desulfohalobium
45670,Salinicoccus_roseus,Salinicoccus
78448,Bifidobacterium_pullorum,Bifidobacterium
439219,Streptococcus_henryi,Streptococcus
46124,Granulicatella_adiacens,Granulicatella
46125,Abiotrophia_defectiva,Abiotrophia
46469,Orenia_marismortui,Orenia
439703,Prevotella_maculosa,Prevotella
570835,Edaphobacter_aggregans,Edaphobacter
79329,Chitinophaga_pinensis,Chitinophaga
1226323,Oscillibacter_sp._KLE_1745,Oscillibacter
407188,Pelobacter_seleniigenes,Pelobacter
931533,Lactobacillus_saniviri,Lactobacillus
46914,Devosia_riboflavina,Devosia
309120,Dialister_micraerophilus,Dialister
767892,Candidatus_Puniceispirillum_marinum,Candidatus
178214,Facklamia_hominis,Facklamia
113287,Pseudoramibacter_alactolyticus,Pseudoramibacter
1161942,Ruminococcus_champanellensis,Ruminococcus
80876,Insolitispirillum_peregrinum,Insolitispirillum
244787,Nautilia_profundicola,Nautilia
375929,Natranaerobius_thermophilus,Natranaerobius
81028,Treponema_brennaborense,Treponema
1293441,Lysinibacillus_contaminans,Lysinibacillus
1490051,Anoxybacillus_geothermalis,Anoxybacillus
245188,Loktanella_vestfoldensis,Loktanella
1162717,Streptobacillus_hongkongensis,Streptobacillus
146919,Salinibacter_ruber,Salinibacter
671224,Selenomonas_artemidis,Selenomonas
81425,Desulfovibrio_aminophilus,Desulfovibrio
81468,Aminobacterium_colombiense,Aminobacterium
638617,Bifidobacterium_bohemicum,Bifidobacterium
1195760,Wenyingzhuangia_marina,Wenyingzhuangia
638849,Pyramidobacter_piscolens,Pyramidobacter
180164,Blautia_schinkii,Blautia
114652,Streptococcus_orisratti,Streptococcus
376804,Bacteroides_barnesiae,Bacteroides
376806,Bacteroides_gallinarum,Bacteroides
49186,Marinobacterium_stanieri,Marinobacterium
540746,Rudaea_cellulosilytica,Rudaea
180311,Hespellia_stercorisuis,Hespellia
49319,Rubrobacter_xylanophilus,Rubrobacter
82135,Atopobium_vaginae,Atopobium
147802,Lactobacillus_iners,Lactobacillus
508451,Lactobacillus_taiwanensis,Lactobacillus
443143,Geobacter_sp._M18,Geobacter
443144,Geobacter_sp._M21,Geobacter
246618,Bifidobacterium_thermacidophilum,Bifidobacterium
312279,Emticicia_oligotrophica,Emticicia
476157,Altererythrobacter_ishigakiensis,Altererythrobacter
1131703,Sphaerochaeta_globosa,Sphaerochaeta
1131707,Sphaerochaeta_pleomorpha,Sphaerochaeta
181487,Actinomyces_cardiffensis,Actinomyces
115979,Bacillus_nealsonii,Bacillus
279832,Suttonella_ornithocola,Suttonella
148813,Sulfuricurvum_kujiense,Sulfuricurvum
574930,Parabacteroides_gordonii,Parabacteroides
83552,Parachlamydia_acanthamoebae,Parachlamydia
83561,Simkania_negevensis,Simkania
214851,Subdoligranulum_variabile,Subdoligranulum
247639,marine_gamma_proteobacterium_HTCC2080,marine
51123,[Eubacterium]_saphenum,[Eubacterium]
84026,[Clostridium]_methylpentosum,[Clostridium]
182640,Kribbella_flavida,Kribbella
51665,Aerococcus_urinaeequi,Aerococcus
477666,Bacteroides_graminisolvens,Bacteroides
477680,Filimonas_lacunae,Filimonas
281120,Candidatus_Amoebophilus_asiaticus,Candidatus
215591,Treponema_caldarium,Treponema
150240,Gemella_cuniculi,Gemella
477976,Calditerrivibrio_nitroreducens,Calditerrivibrio
379900,Niabella_aurantiaca,Niabella
52226,Mitsuokella_multacida,Mitsuokella
52242,Lactobacillus_gallinarum,Lactobacillus
183417,Proteus_hauseri,Proteus
1002672,Candidatus_Pelagibacter_sp._IMCC9063,Candidatus
118000,Denitrovibrio_acetiphilus,Denitrovibrio
52767,Actinomyces_denticolens,Actinomyces
52774,Actinomyces_slackii,Actinomyces
216778,Stenotrophomonas_rhizophila,Stenotrophomonas
216816,Bifidobacterium_longum,Bifidobacterium
184064,Thermodesulfobium_narugense,Thermodesulfobium
511746,Methylacidiphilum_infernorum,Methylacidiphilum
544580,Actinomyces_oris,Actinomyces
544581,Actinomyces_johnsonii,Actinomyces
1134405,Melioribacter_roseus,Melioribacter
216935,Spiroplasma_culicicola,Spiroplasma
216945,Spiroplasma_syrphidicola,Spiroplasma
85874,Thermacetogenium_phaeum,Thermacetogenium
544644,Butyricimonas_synergistica,Butyricimonas
544645,Butyricimonas_virosa,Butyricimonas
118748,Bulleidia_extructa,Bulleidia
217159,Clostridium_carboxidivorans,Clostridium
217168,Microvirga_flocculans,Microvirga
86103,Idiomarina_zobellii,Idiomarina
217219,Meganema_perideroedes,Meganema
53399,Hyphomicrobium_denitrificans,Hyphomicrobium
86166,Thermodesulfovibrio_aggregans,Thermodesulfovibrio
53413,Xanthomonas_axonopodis,Xanthomonas
151781,Lactobacillus_intestinalis,Lactobacillus
1691891,Nonomuraea_sp._NBRC_110462,Nonomuraea
53635,Acidimicrobium_ferrooxidans,Acidimicrobium
184870,Varibaculum_cambriense,Varibaculum
86667,Jeotgalibacillus_marinus,Jeotgalibacillus
316068,Leadbetterella_byssophila,Leadbetterella
1168035,Tangfeifania_diversioriginum,Tangfeifania
119484,Syntrophobacter_fumaroxidans,Syntrophobacter
54005,Peptoniphilus_harei,Peptoniphilus
54010,Pseudonocardia_asaccharolytica,Pseudonocardia
152331,Lactobacillus_parabuchneri,Lactobacillus
152335,Lactobacillus_suebicus,Lactobacillus
54062,Pediococcus_parvulus,Pediococcus
316277,Syntrophus_aciditrophicus,Syntrophus
86959,Propionispira_raffinosivorans,Propionispira
185294,Prevotella_paludivivens,Prevotella
480224,Chloroflexus_sp._Y-400-fl,Chloroflexus
218140,Bifidobacterium_psychraerophilum,Bifidobacterium
218538,Dialister_invisus,Dialister
87541,Aerococcus_christensenii,Aerococcus
153151,Parageobacillus_toebii,Parageobacillus
54911,Brevibacillus_choshinensis,Brevibacillus
349931,Clostridium_cavendishii,Clostridium
88058,Treponema_primitia,Treponema
153721,Sporocytophaga_myxococcoides,Sporocytophaga
120962,Roseiflexus_castenholzii,Roseiflexus
88233,Lactobacillus_manihotivorans,Lactobacillus
219314,Aeromicrobium_marinum,Aeromicrobium
55507,Schwartzia_succinivorans,Schwartzia
55565,Actinomyces_graevenitzii,Actinomyces
416016,Flavobacterium_cucumis,Flavobacterium
547163,Mycobacterium_vulneris,Mycobacterium
1333662,Polaribacter_atrinae,Polaribacter
383631,Methylophilales_bacterium_HTCC2181,Methylophilales
350894,Flavobacterium_suncheonense,Flavobacterium
187101,Sneathia_amnii,Sneathia
187145,Caldithrix_abyssi,Caldithrix
187326,Megasphaera_micronuciformis,Megasphaera
89153,[Clostridium]_hylemonae,[Clostridium]
187493,Thalassolituus_oleivorans,Thalassolituus
1137799,Endozoicomonas_numazuensis,Endozoicomonas
1203471,Geobacter_daltonii,Geobacter
253239,Ethanoligenens_harbinense,Ethanoligenens
679249,Lactobacillus_floricola,Lactobacillus
351604,Geobacter_uraniireducens,Geobacter
56698,Sulfurospirillum_arsenophilum,Sulfurospirillum
56810,Psychrobacter_glacincola,Psychrobacter
220687,Bacillus_novalis,Bacillus
744985,alpha_proteobacterium_HIMB59,alpha
220714,Fructobacillus_pseudoficulneus,Fructobacillus
319054,Janibacter_anophelis,Janibacter
516075,Providencia_sneebia,Providencia
90240,Moraxella_caprae,Moraxella
1302690,Cnuella_takakiae,Cnuella
155892,Caulobacter_vibrioides,Caulobacter
155978,Acaryochloris_marina,Acaryochloris
57732,Enterococcus_asini,Enterococcus
90728,Desulfatiglans_anilini,Desulfatiglans
58180,Desulfovibrio_alaskensis,Desulfovibrio
517011,Stenotrophomonas_chelatiphaga,Stenotrophomonas
418853,Sneathiella_glossodoripedis,Sneathiella
418856,Nevskia_soli,Nevskia
419015,Alloscardovia_omnicolens,Alloscardovia
287986,Amycolatopsis_rifamycinica,Amycolatopsis
156980,Arthrobacter_woluwensis,Arthrobacter
157268,Helicobacter_winghamensis,Helicobacter
91844,Candidatus_Portiera_aleyrodidarum,Candidatus
321327,Synechococcus_sp._JA-3-3Ab,Synechococcus
714549,Hydrotalea_flava,Hydrotalea
1206085,Jatrophihabitans_endophyticus,Jatrophihabitans
157687,Leptotrichia_wadei,Leptotrichia
157691,Leptotrichia_shahii,Leptotrichia
157692,Leptotrichia_goodfellowii,Leptotrichia
354356,Niastella_koreensis,Niastella
59505,Actinotignum_schaalii,Actinotignum
288995,Devosia_limi,Devosia
158080,Chromohalobacter_salexigens,Chromohalobacter
944547,Arcobacter_sp._L,Arcobacter
190893,Vibrio_coralliilyticus,Vibrio
59840,Paenibacillus_curdlanolyticus,Paenibacillus
518643,Bifidobacterium_mongoliense,Bifidobacterium
191026,Desulfovibrio_hydrothermalis,Desulfovibrio
420412,Clostridium_tepidiprofundi,Clostridium
453230,Desulfarculus_baarsii,Desulfarculus
256618,Parvibaculum_lavamentivorans,Parvibaculum
158327,Hahella_chejuensis,Hahella
125614,Thiothrix_disciformis,Thiothrix
256847,Lentisphaera_araneosa,Lentisphaera
191495,Conexibacter_woesei,Conexibacter
191493,Corynebacterium_sphenisci,Corynebacterium
60478,Shewanella_amazonensis,Shewanella
158787,Bifidobacterium_scardovii,Bifidobacterium
60519,Lactobacillus_graminis,Lactobacillus
683124,Flavobacterium_haoranii,Flavobacterium
1535242,Rhizobium_sophorae,Rhizobium
28038,Lactobacillus_curvatus,Lactobacillus
28049,Acidothermus_cellulolyticus,Acidothermus
28051,Lachnospira_multipara,Lachnospira
126385,Providencia_alcalifaciens,Providencia
28091,Neisseria_weaveri,Neisseria
552396,Erysipelotrichaceae_bacterium_5_2_54FAA,Erysipelotrichaceae
552398,Ruminococcaceae_bacterium_D16,Ruminococcaceae
28114,Porphyromonas_levii,Porphyromonas
191960,Sedimenticola_selenatireducens,Sedimenticola
60893,Desulfobacca_acetoxidans,Desulfobacca
28127,Prevotella_buccalis,Prevotella
28128,Prevotella_corporis,Prevotella
60920,Sanguibacter_keddieii,Sanguibacter
28197,Arcobacter_butzleri,Arcobacter
28199,Arcobacter_nitrofigilis,Arcobacter
28229,Colwellia_psychrerythraea,Colwellia
28232,Geobacter_metallireducens,Geobacter
28264,Arcanobacterium_haemolyticum,Arcanobacterium
61171,Holdemania_filiformis,Holdemania
552810,Dehalogenimonas_lykanthroporepellens,Dehalogenimonas
290732,Aminiphilus_circumscriptus,Aminiphilus
225194,Geobacter_bemidjiensis,Geobacter
225196,Geopsychrobacter_electrodiphilus,Geopsychrobacter
454600,Gracilimonas_tropica,Gracilimonas
61635,Acholeplasma_brassicae,Acholeplasma
356829,Bifidobacterium_tsurumiense,Bifidobacterium
1110546,Veillonella_tobetsuensis,Veillonella
29363,Clostridium_paraputrificum,Clostridium
29371,[Clostridium]_termitidis,[Clostridium]
29391,Gemella_morbillorum,Gemella
29394,Dolosigranulum_pigrum,Dolosigranulum
29419,Helicobacter_canis,Helicobacter
29447,Xanthomonas_albilineans,Xanthomonas
455436,Glaciecola_sp._HTCC2999,Glaciecola
29466,Veillonella_parvula,Veillonella
29510,Turneriella_parva,Turneriella
947013,Chryseolinea_serpens,Chryseolinea
29542,Pelobacter_acetylenicus,Pelobacter
29543,Pelobacter_propionicus,Pelobacter
29549,Rhodothermus_marinus,Rhodothermus
29552,Acholeplasma_axanthum,Acholeplasma
160660,Acidihalobacter_prosperus,Acidihalobacter
717785,Hyphomicrobium_sp._MC1,Hyphomicrobium
259059,Lactobacillus_satsumensis,Lactobacillus
357808,Roseiflexus_sp._RS-1,Roseiflexus
423605,Elusimicrobium_minutum,Elusimicrobium
161493,Anaeromyxobacter_dehalogenans,Anaeromyxobacter
390877,Nisaea_denitrificans,Nisaea
128780,Stenotrophomonas_acidaminiphila,Stenotrophomonas
194326,Lactobacillus_versmoldensis,Lactobacillus
96228,Legionella_drozanskii,Legionella
456827,Candidatus_Cloacimonas_acidaminovorans,Candidatus
1177755,Methyloligella_halotolerans,Methyloligella
194702,Cardiobacterium_valvarum,Cardiobacterium
489722,Mesorhizobium_metallidurans,Mesorhizobium
293256,Desulfovibrio_alkalitolerans,Desulfovibrio
162209,Paenibacillus_naphthalenovorans,Paenibacillus
64002,Nevskia_ramosa,Nevskia
227943,Lactobacillus_antri,Lactobacillus
227945,Lactobacillus_ultunensis,Lactobacillus
195250,Synechococcus_sp._PCC_7336,Synechococcus
457402,Eubacterium_sp._3_1_31,Eubacterium
457422,Erysipelotrichaceae_bacterium_2_2_44A,Erysipelotrichaceae
97084,Halobacteriovorax_marinus,Halobacteriovorax
392333,Geoalkalibacter_ferrihydriticus,Geoalkalibacter
261292,Nitrosomonas_sp._Is79A3,Nitrosomonas
31958,Amycolatopsis_orientalis,Amycolatopsis
31971,[Eubacterium]_dolichum,[Eubacterium]
31973,Eggerthia_catenaformis,Eggerthia
458033,Chloracidobacterium_thermophilum,Chloracidobacterium
163202,Corynebacterium_appendicis,Corynebacterium
163359,Acidiferrobacter_thiooxydans,Acidiferrobacter
261685,Thermosinus_carboxydivorans,Thermosinus
196162,Nocardioides_sp._JS614,Nocardioides
392842,Desulfothermus_okinawensis,Desulfothermus
261934,Pleomorphomonas_oryzae,Pleomorphomonas
425941,Prevotella_nanceiensis,Prevotella
124,Blastopirellula_marina,Blastopirellula
1422,Geobacillus_stearothermophilus,Geobacillus
427683,Methylobacterium_platani,Methylobacterium
1724,Corynebacterium_renale,Corynebacterium
69395,Caulobacter_henricii,Caulobacter
349221,Micavibrio_aeruginosavorus,Micavibrio
1121961,Hirschia_maritima,Hirschia
1123045,Ponticaulis_koreensis,Ponticaulis
156892,Actinomyces_marimammalium,Actinomyces
453816,Bdellovibrio_exovorus,Bdellovibrio
78331,Mycobacterium_canettii,Mycobacterium
294935,Enterovibrio_coralii,Enterovibrio
114,Gemmata_obscuriglobus,Gemmata
122,Gimesia_maris,Gimesia
125,Pirellula_staleyi,Pirellula
33035,Blautia_producta,Blautia
301,Pseudomonas_oleovorans,Pseudomonas
33074,Zymobacter_palmae,Zymobacter
638,Arsenophonus_nasoniae,Arsenophonus
691,Vibrio_natriegens,Vibrio
735,Haemophilus_parahaemolyticus,Haemophilus
777,Coxiella_burnetii,Coxiella
847,Oxalobacter_formigenes,Oxalobacter
1004,Chitinophaga_sancti,Chitinophaga
1267,Clostridium_ventriculi,Clostridium
1296,Staphylococcus_sciuri,Staphylococcus
1310,Streptococcus_sobrinus,Streptococcus
1365,Lactococcus_plantarum,Lactococcus
1450,Alicyclobacillus_acidoterrestris,Alicyclobacillus
1529,Clostridium_cadaveris,Clostridium
1533,Clostridium_fallax,Clostridium
1571,Sporosarcina_ureae,Sporosarcina
1626,Lactobacillus_sharpeae,Lactobacillus
1630,Kandleria_vitulina,Kandleria
1632,Lactobacillus_oris,Lactobacillus
1764,Mycobacterium_avium,Mycobacterium
1767,Mycobacterium_intracellulare,Mycobacterium
1830,Rhodococcus_ruber,Rhodococcus
67576,Rheinheimera_baltica,Rheinheimera
2074,Pseudonocardia_autotrophica,Pseudonocardia
461393,Actinomyces_massiliensis,Actinomyces
35621,Streptomyces_mobaraensis,Streptomyces
232270,Effusibacillus_pohliae,Effusibacillus
35841,Bacillus_thermoamylovorans,Bacillus
37692,Candidatus_Phytoplasma_mali,Candidatus
431269,Mycobacterium_setense,Mycobacterium
103621,Actinomyces_urogenitalis,Actinomyces
234827,Candidatus_Midichloria_mitochondrii,Candidatus
1676991,Clostridium_sp._ATCC_25772,Clostridium
202611,Lysinibacillus_odysseyi,Lysinibacillus
105612,Lactobacillus_algidus,Lactobacillus
304207,Lactobacillus_harbinensis,Lactobacillus
107709,Opitutus_terrae,Opitutus
206042,Pseudoalteromonas_mariniglutinosa,Pseudoalteromonas
402650,Actinomycetospora_chiangmaiensis,Actinomycetospora
42235,Streptomyces_bottropensis,Streptomyces
927083,Sandaracinus_amylolyticus,Sandaracinus
633417,Aeromonas_taiwanensis,Aeromonas
240412,Chitinimonas_taiwanensis,Chitinimonas
76759,Pseudomonas_monteilii,Pseudomonas
535744,Cronobacter_universalis,Cronobacter
44933,Halomonas_cupida,Halomonas
241555,Helcococcus_sueciensis,Helcococcus
77768,Prevotella_albensis,Prevotella
536979,Chitinophaga_niabensis,Chitinophaga
78343,Bifidobacterium_boum,Bifidobacterium
78346,Bifidobacterium_ruminantium,Bifidobacterium
13076,Globicatella_sanguinis,Globicatella
13335,Anaerobiospirillum_succiniciproducens,Anaerobiospirillum
79681,Tissierella_creatinophila,Tissierella
243629,Hydrocarboniphaga_effusa,Hydrocarboniphaga
146938,Azovibrio_restrictus,Azovibrio
312026,Paraburkholderia_mimosarum,Paraburkholderia
84135,Gemella_sanguinis,Gemella
51664,Lactobacillus_dextrinicus,Lactobacillus
52769,Actinomyces_gerencseriae,Actinomyces
86668,Bacillus_niacini,Bacillus
218284,Bacillus_vietnamensis,Bacillus
87650,Facklamia_sourekii,Facklamia
480930,Lactobacillus_odoratitofui,Lactobacillus
88382,Promicromonospora_sukumoe,Promicromonospora
121163,Actinomyces_suimastitidis,Actinomyces
547188,Phycisphaera_mikurensis,Phycisphaera
481723,Lactobacillus_rapi,Lactobacillus
89059,Lactobacillus_acidipiscis,Lactobacillus
122355,Pseudomonas_psychrophila,Pseudomonas
417948,Brevibacterium_album,Brevibacterium
419005,Prevotella_amnii,Prevotella
157782,Pseudomonas_parafulva,Pseudomonas
322505,Sharpea_azabuensis,Sharpea
28152,Yersinia_kristensenii,Yersinia
487175,Parasutterella_excrementihominis,Parasutterella
192421,Planococcus_maritimus,Planococcus
258591,Halomonas_anticariensis,Halomonas
29355,[Clostridium]_cellobioparum,[Clostridium]
29359,Asaccharospora_irregularis,Asaccharospora
29485,Yersinia_rohdei,Yersinia
980254,Roseimaritima_ulvae,Roseimaritima
293050,Rhodococcus_kroppenstedtii,Rhodococcus
392016,Alicyclobacillus_contaminans,Alicyclobacillus
425254,Cellulosilyticum_ruminicola,Cellulosilyticum
392589,Perlucidibaca_piscinae,Perlucidibaca
196024,Aeromonas_dhakensis,Aeromonas
392736,Uliginosibacterium_gangwonense,Uliginosibacterium
360056,Schlesneria_paludicola,Schlesneria
392838,Bacteroides_propionicifaciens,Bacteroides
43131,Tissierella_praeacuta,Tissierella
157228,Jeotgalicoccus_psychrophilus,Jeotgalicoccus
247,Empedobacter_brevis,Empedobacter
1605,Lactobacillus_animalis,Lactobacillus
112009,Ignatzschineria_larvae,Ignatzschineria
82688,Lactobacillus_nagelii,Lactobacillus
53363,Brevibacterium_mcbrellneri,Brevibacterium
553611,Photobacterium_leiognathi,Photobacterium
1697,Corynebacterium_ammoniagenes,Corynebacterium
1381080,Idiomarina_woesei,Idiomarina
1391,Aneurinibacillus_aneurinilyticus,Aneurinibacillus
35787,Lactobacillus_pontis,Lactobacillus
83771,Succinivibrio_dextrinosolvens,Succinivibrio
184607,Crocinitomix_catalasitica,Crocinitomix
51173,Ureibacillus_thermosphaericus,Ureibacillus
36834,Clostridium_celatum,Clostridium
156456,Anaeroglobus_geminatus,Anaeroglobus
1311,Streptococcus_agalactiae,Streptococcus
1396,Bacillus_cereus,Bacillus
132476,Pseudomonas_kilonensis,Pseudomonas
1459,Sporosarcina_globispora,Sporosarcina
55601,Vibrio_anguillarum,Vibrio
39774,Methylomicrobium_agile,Methylomicrobium
220688,Bacillus_soli,Bacillus
44252,Paenibacillus_macerans,Paenibacillus
1079800,Rhizobium_mesoamericanum,Rhizobium
212663,Vibrio_tasmaniensis,Vibrio
66849,Desulfonatronum_lacustre,Desulfonatronum
1393,Brevibacillus_brevis,Brevibacillus
1538,Clostridium_ljungdahlii,Clostridium
1557,Peptoclostridium_litorale,Peptoclostridium
36844,Clostridium_homopropionicum,Clostridium
367336,Rhodobacterales_bacterium_HTCC2255,Rhodobacterales
47500,Aneurinibacillus_migulanus,Aneurinibacillus
47715,Lactobacillus_rhamnosus,Lactobacillus
49118,Candidatus_Arthromitus_sp._SFB-mouse,Candidatus
1590651,Paenibacillus_sp._VKM_B-2647,Paenibacillus
53343,Desulfotomaculum_aeronauticum,Desulfotomaculum
1168034,Draconibacterium_orientale,Draconibacterium
91915,Asaia_bogorensis,Asaia
28262,Thermodesulfovibrio_yellowstonii,Thermodesulfovibrio
217,Helicobacter_mustelae,Helicobacter
954,Francisella_persica,Francisella
1247,Oenococcus_oeni,Oenococcus
198252,Candidatus_Pelagibacter_ubique,Candidatus
2137,Spiroplasma_apis,Spiroplasma
137584,Thalassomonas_viridans,Thalassomonas
206403,Sulfurovum_lithotrophicum,Sulfurovum
376219,Arthrospira_sp._PCC_8005,Arthrospira
179838,Lactobacillus_diolivorans,Lactobacillus
187327,Acidaminococcus_intestini,Acidaminococcus
90736,Moritella_marina,Moritella
255507,Arcobacter_cibarius,Arcobacter
59839,Paenibacillus_alginolyticus,Paenibacillus
61435,Dehalococcoides_mccartyi,Dehalococcoides
390842,Lactobacillus_parafarraginis,Lactobacillus
2078,Sporolactobacillus_inulinus,Sporolactobacillus
76489,Clostridium_acetireducens,Clostridium
52694,Acetobacterium_wieringae,Acetobacterium
28227,Mycoplasma_penetrans,Mycoplasma
82803,Trichococcus_flocculiformis,Trichococcus
154288,Turicibacter_sanguinis,Turicibacter
